2004,"30th March,2004P_10",140,speech,,
2004,"30th March,2004P_10",141,speech,,
2004,"30th March,2004P_10",142,speech,,
2004,"30th March,2004P_10",143,speech,,
2004,"30th March,2004P_10",144,speech,,
2004,"30th March,2004P_10",145,speech,,
2004,"30th March,2004P_10",146,speech,,
2004,"30th March,2004P_10",147,scene,,
2004,"30th March,2004P_10",148,speech,,
2004,"30th March,2004P_10",149,speech,,
2004,"30th March,2004P_10",150,speech,,
2004,"30th March,2004P_10",151,speech,,
2004,"30th March,2004P_10",152,speech,,
2004,"30th March,2004P_10",153,speech,,
2004,"30th March,2004P_10",154,speech,,
2004,"30th March,2004P_10",155,speech,,
2004,"30th March,2004P_10",156,speech,,
2004,"30th March,2004P_10",157,speech,,
2004,"30th March,2004P_10",158,speech,,
2004,"30th March,2004P_10",159,speech,,
2004,"30th March,2004P_10",160,speech,,
2004,"30th March,2004P_10",161,scene,,
2004,"30th March,2004P_10",162,speech,,
2004,"30th March,2004P_10",163,speech,,
2004,"30th March,2004P_10",164,speech,,
2004,"30th March,2004P_10",371,header,,
2004,"30th March,2004P_10",372,blank,,
2004,"30th March,2004P_10",373,speech,,
2004,"30th March,2004P_10",374,speech,,
2004,"30th March,2004P_10",375,speech,,
2004,"30th March,2004P_10",376,speech,,
2004,"30th March,2004P_10",377,speech,,
2004,"30th March,2004P_10",378,header,,
2004,"30th March,2004P_10",379,header,,
2004,"30th March,2004P_10",380,blank,,
2004,"30th March,2004P_10",381,speech,,
2004,"30th March,2004P_10",382,speech,,
2004,"30th March,2004P_10",383,speech,,
2004,"30th March,2004P_10",384,speech,,
2004,"30th March,2004P_10",385,speech,,
2004,"30th March,2004P_10",386,speech,,
2004,"30th March,2004P_10",387,speech,,
2004,"30th March,2004P_10",388,speech,,
2004,"30th March,2004P_10",389,speech,,
2004,"30th March,2004P_10",390,header,,
2004,"30th March,2004P_10",391,blank,,
2004,"30th March,2004P_10",392,speech,,
2004,"30th March,2004P_10",393,speech,,
2004,"30th March,2004P_10",394,speech,,
2004,"30th March,2004P_10",395,scene,,
2004,"31st March, 2004P_43",129,speech,,
2004,"31st March, 2004P_43",130,speech,,
2004,"31st March, 2004P_43",131,speech,,
2004,"31st March, 2004P_43",132,speech,,
2004,"31st March, 2004P_43",133,speech,,
2004,"31st March, 2004P_43",134,speech,,
2004,"31st March, 2004P_43",135,speech,,
2004,"31st March, 2004P_43",136,blank,,
2004,"31st March, 2004P_43",137,speech,,
2004,"31st March, 2004P_43",138,blank,,
2004,"31st March, 2004P_43",139,speech,,
2004,"31st March, 2004P_43",140,blank,,
2004,"31st March, 2004P_43",141,speech,,
2004,"31st March, 2004P_43",142,blank,,
2004,"31st March, 2004P_43",143,speech,,
2004,"31st March, 2004P_43",144,speech,,
2004,"31st March, 2004P_43",145,speech,,
2004,"31st March, 2004P_43",146,blank,,
2004,"31st March, 2004P_43",147,speech,,
2004,"31st March, 2004P_43",148,blank,,
2004,"31st March, 2004P_43",149,speech,,
2004,"31st March, 2004P_43",150,blank,,
2004,"31st March, 2004P_43",151,speech,,
2004,"31st March, 2004P_43",152,speech,,
2004,"31st March, 2004P_43",153,speech,,
2004,"31st March, 2004P_43",938,speech,,
2004,"31st March, 2004P_43",939,speech,,
2004,"31st March, 2004P_43",940,speech,,
2004,"31st March, 2004P_43",941,speech,,
2004,"31st March, 2004P_43",942,speech,,
2004,"31st March, 2004P_43",943,speech,,
2004,"31st March, 2004P_43",944,speech,,
2004,"31st March, 2004P_43",945,scene,,
2004,"31st March, 2004P_43",946,speech,,
2004,"31st March, 2004P_43",947,speech,,
2004,"31st March, 2004P_43",948,speech,,
2004,"31st March, 2004P_43",949,speech,,
2004,"31st March, 2004P_43",950,speech,,
2004,"31st March, 2004P_43",951,speech,,
2004,"31st March, 2004P_43",952,speech,,
2004,"31st March, 2004P_43",953,speech,,
2004,"31st March, 2004P_43",954,speech,,
2004,"31st March, 2004P_43",955,speech,,
2004,"31st March, 2004P_43",956,speech,,
2004,"31st March, 2004P_43",957,speech,,
2004,"31st March, 2004P_43",958,speech,,
2004,"31st March, 2004P_43",959,speech,,
2004,"31st March, 2004P_43",960,speech,,
2004,"31st March, 2004P_43",961,speech,,
2004,"31st March, 2004P_43",962,speech,,
2004,"31st March, 2004P_43",1248,scene,,
2004,"31st March, 2004P_43",1249,speech,,
2004,"31st March, 2004P_43",1250,speech,,
2004,"31st March, 2004P_43",1251,speech,,
2004,"31st March, 2004P_43",1252,speech,,
2004,"31st March, 2004P_43",1253,speech,,
2004,"31st March, 2004P_43",1254,speech,,
2004,"31st March, 2004P_43",1255,speech,,
2004,"31st March, 2004P_43",1256,speech,,
2004,"31st March, 2004P_43",1257,speech,,
2004,"31st March, 2004P_43",1258,speech,,
2004,"31st March, 2004P_43",1259,speech,,
2004,"31st March, 2004P_43",1260,speech,,
2004,"31st March, 2004P_43",1261,speech,,
2004,"31st March, 2004P_43",1262,speech,,
2004,"31st March, 2004P_43",1263,speech,,
2004,"31st March, 2004P_43",1264,speech,,
2004,"31st March, 2004P_43",1265,speech,,
2004,"31st March, 2004P_43",1266,speech,,
2004,"31st March, 2004P_43",1267,speech,,
2004,"31st March, 2004P_43",1268,speech,,
2004,"31st March, 2004P_43",1269,speech,,
2004,"31st March, 2004P_43",1270,speech,,
2004,"31st March, 2004P_43",1271,speech,,
2004,"31st March, 2004P_43",1272,speech,,
2004,"31st March, 2004P_43",1910,speech,,
2004,"31st March, 2004P_43",1911,speech,,
2004,"31st March, 2004P_43",1912,speech,,
2004,"31st March, 2004P_43",1913,speech,,
2004,"31st March, 2004P_43",1914,speech,,
2004,"31st March, 2004P_43",1915,speech,,
2004,"31st March, 2004P_43",1916,speech,,
2004,"31st March, 2004P_43",1917,speech,,
2004,"31st March, 2004P_43",1918,speech,,
2004,"31st March, 2004P_43",1919,speech,,
2004,"31st March, 2004P_43",1920,speech,,
2004,"31st March, 2004P_43",1921,speech,,
2004,"31st March, 2004P_43",1922,speech,,
2004,"31st March, 2004P_43",1923,speech,,
2004,"31st March, 2004P_43",1924,speech,,
2004,"31st March, 2004P_43",1925,speech,,
2004,"31st March, 2004P_43",1926,speech,,
2004,"31st March, 2004P_43",1927,speech,,
2004,"31st March, 2004P_43",1928,speech,,
2004,"31st March, 2004P_43",1929,speech,,
2004,"31st March, 2004P_43",1930,speech,,
2004,"31st March, 2004P_43",1931,speech,,
2004,"31st March, 2004P_43",1932,speech,,
2004,"31st March, 2004P_43",1933,header,,
2004,"31st March, 2004P_43",1934,blank,,
2004,"25th May, 2004P_47",278,speech,,
2004,"25th May, 2004P_47",279,blank,,
2004,"25th May, 2004P_47",280,blank,,
2004,"25th May, 2004P_47",281,speech,,
2004,"25th May, 2004P_47",282,speech,,
2004,"25th May, 2004P_47",283,speech,,
2004,"25th May, 2004P_47",284,blank,,
2004,"25th May, 2004P_47",285,blank,,
2004,"25th May, 2004P_47",286,speech,,
2004,"25th May, 2004P_47",287,header,?,<i> Question No.242 </i>
2004,"25th May, 2004P_47",288,header,,
2004,"25th May, 2004P_47",289,speech,,
2004,"25th May, 2004P_47",290,scene,?,(Question dropped)
2004,"25th May, 2004P_47",291,header,,
2004,"25th May, 2004P_47",292,header,,
2004,"25th May, 2004P_47",293,speech,,
2004,"25th May, 2004P_47",294,speech,,
2004,"25th May, 2004P_47",295,speech,,
2004,"25th May, 2004P_47",296,speech,,
2004,"25th May, 2004P_47",297,speech,,
2004,"25th May, 2004P_47",298,speech,,
2004,"25th May, 2004P_47",299,scene,,
2004,"25th May, 2004P_47",300,speech,,
2004,"25th May, 2004P_47",301,scene,?,(Question deferred)
2004,"25th May, 2004P_47",302,header,,
2004,"25th May, 2004P_47",303,speech,,
2004,"25th May, 2004P_47",304,speech,,
2004,"25th May, 2004P_47",305,speech,,
2004,"25th May, 2004P_47",306,speech,,
2004,"25th May, 2004P_47",307,speech,,
2004,"25th May, 2004P_47",308,speech,,
2004,"25th May, 2004P_47",309,speech,,
2004,"25th May, 2004P_47",310,speech,,
2004,"25th May, 2004P_47",311,speech,,
2004,"25th May, 2004P_47",312,speech,,
2004,"25th May, 2004P_47",313,speech,,
2004,"25th May, 2004P_47",314,speech,,
2004,"25th May, 2004P_47",315,scene,,
2004,"25th May, 2004P_47",316,speech,,
2004,"25th May, 2004P_47",317,speech,,
2004,"25th May, 2004P_47",318,speech,,
2004,"25th May, 2004P_47",319,speech,,
2004,"25th May, 2004P_47",320,speech,,
2004,"25th May, 2004P_47",321,speech,,
2004,"25th May, 2004P_47",322,speech,,
2004,"25th May, 2004P_47",323,speech,,
2004,"25th May, 2004P_47",324,speech,,
2004,"25th May, 2004P_47",325,speech,,
2004,"25th May, 2004P_47",326,speech,,
2004,"25th May, 2004P_47",327,speech,,
2004,"25th May, 2004P_47",739,speech,,
2004,"25th May, 2004P_47",740,speech,,
2004,"25th May, 2004P_47",741,speech,,
2004,"25th May, 2004P_47",742,speech,,
2004,"25th May, 2004P_47",743,speech,,
2004,"25th May, 2004P_47",744,blank,,
2004,"25th May, 2004P_47",745,blank,,
2004,"25th May, 2004P_47",746,blank,,
2004,"25th May, 2004P_47",747,blank,,
2004,"25th May, 2004P_47",748,blank,,
2004,"25th May, 2004P_47",749,speech,,
2004,"25th May, 2004P_47",750,blank,,
2004,"25th May, 2004P_47",751,blank,,
2004,"25th May, 2004P_47",752,blank,,
2004,"25th May, 2004P_47",753,speech,,
2004,"25th May, 2004P_47",754,speech,,
2004,"25th May, 2004P_47",755,blank,,
2004,"25th May, 2004P_47",756,blank,,
2004,"25th May, 2004P_47",757,speech,,
2004,"25th May, 2004P_47",758,speech,,
2004,"25th May, 2004P_47",759,speech,,
2004,"25th May, 2004P_47",760,speech,,
2004,"25th May, 2004P_47",761,speech,,
2004,"25th May, 2004P_47",762,speech,,
2004,"25th May, 2004P_47",763,scene,,
2004,"1st April, 2004P_42",151,speech,,
2004,"1st April, 2004P_42",152,blank,,
2004,"1st April, 2004P_42",153,blank,,
2004,"1st April, 2004P_42",154,speech,,
2004,"1st April, 2004P_42",155,speech,,
2004,"1st April, 2004P_42",156,speech,,
2004,"1st April, 2004P_42",157,speech,,
2004,"1st April, 2004P_42",158,speech,,
2004,"1st April, 2004P_42",159,speech,,
2004,"1st April, 2004P_42",160,speech,,
2004,"1st April, 2004P_42",161,speech,,
2004,"1st April, 2004P_42",162,blank,,
2004,"1st April, 2004P_42",163,blank,,
2004,"1st April, 2004P_42",164,blank,,
2004,"1st April, 2004P_42",165,speech,,
2004,"1st April, 2004P_42",166,speech,,
2004,"1st April, 2004P_42",167,speech,,
2004,"1st April, 2004P_42",168,speech,,
2004,"1st April, 2004P_42",169,speech,,
2004,"1st April, 2004P_42",170,speech,,
2004,"1st April, 2004P_42",171,speech,,
2004,"1st April, 2004P_42",172,speech,,
2004,"1st April, 2004P_42",173,speech,,
2004,"1st April, 2004P_42",174,blank,,
2004,"1st April, 2004P_42",175,blank,,
2004,"1st April, 2004P_42",333,speech,,
2004,"1st April, 2004P_42",334,speech,,
2004,"1st April, 2004P_42",335,speech,,
2004,"1st April, 2004P_42",336,blank,,
2004,"1st April, 2004P_42",337,blank,,
2004,"1st April, 2004P_42",338,blank,,
2004,"1st April, 2004P_42",339,blank,,
2004,"1st April, 2004P_42",340,speech,,
2004,"1st April, 2004P_42",341,speech,,
2004,"1st April, 2004P_42",342,speech,,
2004,"1st April, 2004P_42",343,speech,,
2004,"1st April, 2004P_42",344,speech,,
2004,"1st April, 2004P_42",345,speech,,
2004,"1st April, 2004P_42",346,speech,,
2004,"1st April, 2004P_42",347,speech,,
2004,"1st April, 2004P_42",348,header,,
2004,"1st April, 2004P_42",349,speech,,
2004,"1st April, 2004P_42",350,speech,,
2004,"1st April, 2004P_42",351,speech,,
2004,"1st April, 2004P_42",352,speech,,
2004,"1st April, 2004P_42",353,scene,,
2004,"1st April, 2004P_42",354,speech,,
2004,"1st April, 2004P_42",355,speech,,
2004,"1st April, 2004P_42",356,speech,,
2004,"1st April, 2004P_42",357,blank,,
2004,"1st April, 2004P_42",502,speech,,
2004,"1st April, 2004P_42",503,speech,,
2004,"1st April, 2004P_42",504,speech,,
2004,"1st April, 2004P_42",505,speech,,
2004,"1st April, 2004P_42",506,speech,,
2004,"1st April, 2004P_42",507,speech,,
2004,"1st April, 2004P_42",508,speech,,
2004,"1st April, 2004P_42",509,speech,,
2004,"1st April, 2004P_42",510,speech,,
2004,"1st April, 2004P_42",511,speech,,
2004,"1st April, 2004P_42",512,blank,,
2004,"1st April, 2004P_42",513,blank,,
2004,"1st April, 2004P_42",514,blank,,
2004,"1st April, 2004P_42",515,blank,,
2004,"1st April, 2004P_42",516,speech,,
2004,"1st April, 2004P_42",517,speech,,
2004,"1st April, 2004P_42",518,speech,,
2004,"1st April, 2004P_42",519,speech,,
2004,"1st April, 2004P_42",520,speech,,
2004,"1st April, 2004P_42",521,speech,,
2004,"1st April, 2004P_42",522,speech,,
2004,"1st April, 2004P_42",523,speech,,
2004,"1st April, 2004P_42",524,speech,,
2004,"1st April, 2004P_42",525,blank,,
2004,"1st April, 2004P_42",526,blank,,
1999,"1st July, 1999P_32",305,speech,,
1999,"1st July, 1999P_32",306,speech,,
1999,"1st July, 1999P_32",307,speech,,
1999,"1st July, 1999P_32",308,speech,,
1999,"1st July, 1999P_32",309,speech,,
1999,"1st July, 1999P_32",310,speech,,
1999,"1st July, 1999P_32",311,speech,,
1999,"1st July, 1999P_32",312,speech,,
1999,"1st July, 1999P_32",313,scene,,
1999,"1st July, 1999P_32",314,scene,,
1999,"1st July, 1999P_32",315,speech,,
1999,"1st July, 1999P_32",316,speech,,
1999,"1st July, 1999P_32",317,speech,,
1999,"1st July, 1999P_32",318,speech,,
1999,"1st July, 1999P_32",319,speech,,
1999,"1st July, 1999P_32",320,speech,,
1999,"1st July, 1999P_32",321,speech,,
1999,"1st July, 1999P_32",322,speech,,
1999,"1st July, 1999P_32",323,speech,,
1999,"1st July, 1999P_32",324,speech,,
1999,"1st July, 1999P_32",325,speech,,
1999,"1st July, 1999P_32",326,speech,,
1999,"1st July, 1999P_32",327,speech,,
1999,"1st July, 1999P_32",328,speech,,
1999,"1st July, 1999P_32",329,speech,,
1999,"1st July, 1999P_32",456,scene,,
1999,"1st July, 1999P_32",457,speech,,
1999,"1st July, 1999P_32",458,speech,,
1999,"1st July, 1999P_32",459,speech,,
1999,"1st July, 1999P_32",460,speech,,
1999,"1st July, 1999P_32",461,speech,,
1999,"1st July, 1999P_32",462,speech,,
1999,"1st July, 1999P_32",463,scene,,
1999,"1st July, 1999P_32",464,speech,,
1999,"1st July, 1999P_32",465,speech,,
1999,"1st July, 1999P_32",466,speech,,
1999,"1st July, 1999P_32",467,speech,,
1999,"1st July, 1999P_32",468,speech,,
1999,"1st July, 1999P_32",469,speech,,
1999,"1st July, 1999P_32",470,speech,,
1999,"1st July, 1999P_32",471,speech,,
1999,"1st July, 1999P_32",472,speech,,
1999,"1st July, 1999P_32",473,speech,,
1999,"1st July, 1999P_32",474,speech,,
1999,"1st July, 1999P_32",475,speech,,
1999,"1st July, 1999P_32",476,speech,,
1999,"1st July, 1999P_32",477,speech,,
1999,"1st July, 1999P_32",478,speech,,
1999,"1st July, 1999P_32",479,speech,,
1999,"1st July, 1999P_32",480,speech,,
1999,"4th May, 1999P_32",50,speech,,
1999,"4th May, 1999P_32",51,speech,,
1999,"4th May, 1999P_32",52,speech,,
1999,"4th May, 1999P_32",53,speech,,
1999,"4th May, 1999P_32",54,speech,,
1999,"4th May, 1999P_32",55,speech,,
1999,"4th May, 1999P_32",56,speech,,
1999,"4th May, 1999P_32",57,speech,,
1999,"4th May, 1999P_32",58,speech,,
1999,"4th May, 1999P_32",59,speech,,
1999,"4th May, 1999P_32",60,speech,,
1999,"4th May, 1999P_32",61,speech,,
1999,"4th May, 1999P_32",62,speech,,
1999,"4th May, 1999P_32",63,speech,,
1999,"4th May, 1999P_32",64,speech,,
1999,"4th May, 1999P_32",65,speech,,
1999,"4th May, 1999P_32",66,speech,,
1999,"4th May, 1999P_32",67,scene,,
1999,"4th May, 1999P_32",68,blank,,
1999,"4th May, 1999P_32",69,blank,,
1999,"4th May, 1999P_32",70,blank,,
1999,"4th May, 1999P_32",71,speech,,
1999,"4th May, 1999P_32",72,speech,,
1999,"4th May, 1999P_32",73,speech,,
1999,"4th May, 1999P_32",74,header,?,<i>Question No. 008</i>
1999,"4th May, 1999P_32",396,speech,,
1999,"4th May, 1999P_32",397,speech,,
1999,"4th May, 1999P_32",398,speech,,
1999,"4th May, 1999P_32",399,speech,,
1999,"4th May, 1999P_32",400,speech,,
1999,"4th May, 1999P_32",401,speech,,
1999,"4th May, 1999P_32",402,speech,,
1999,"4th May, 1999P_32",403,speech,,
1999,"4th May, 1999P_32",404,speech,,
1999,"4th May, 1999P_32",405,speech,,
1999,"4th May, 1999P_32",406,blank,,
1999,"4th May, 1999P_32",407,blank,,
1999,"4th May, 1999P_32",408,blank,,
1999,"4th May, 1999P_32",409,speech,,
1999,"4th May, 1999P_32",410,speech,,
1999,"4th May, 1999P_32",411,speech,,
1999,"4th May, 1999P_32",412,speech,,
1999,"4th May, 1999P_32",413,speech,,
1999,"4th May, 1999P_32",414,speech,,
1999,"4th May, 1999P_32",415,speech,,
1999,"4th May, 1999P_32",416,blank,,
1999,"4th May, 1999P_32",417,blank,,
1999,"4th May, 1999P_32",418,blank,,
1999,"4th May, 1999P_32",419,speech,,
1999,"4th May, 1999P_32",420,speech,,
1999,"6th May, 1999P_34",27,speech,,
1999,"6th May, 1999P_34",28,speech,,
1999,"6th May, 1999P_34",29,speech,,
1999,"6th May, 1999P_34",30,speech,,
1999,"6th May, 1999P_34",31,scene,,
1999,"6th May, 1999P_34",32,speech,,
1999,"6th May, 1999P_34",33,speech,,
1999,"6th May, 1999P_34",34,header,?,<i>Question No. 055</i>
1999,"6th May, 1999P_34",35,header,,
1999,"6th May, 1999P_34",36,speech,,
1999,"6th May, 1999P_34",37,speech,,
1999,"6th May, 1999P_34",38,speech,,
1999,"6th May, 1999P_34",39,speech,,
1999,"6th May, 1999P_34",40,speech,,
1999,"6th May, 1999P_34",41,speech,,
1999,"6th May, 1999P_34",42,speech,,
1999,"6th May, 1999P_34",43,speech,,
1999,"6th May, 1999P_34",44,speech,,
1999,"6th May, 1999P_34",45,header,?,(Question deferred) Question No. 069 AMBULANCE FOR KATANGI HEALTH CENTRE
1999,"6th May, 1999P_34",46,speech,,
1999,"6th May, 1999P_34",47,speech,,
1999,"6th May, 1999P_34",48,blank,,
1999,"6th May, 1999P_34",49,blank,,
1999,"6th May, 1999P_34",50,blank,,
1999,"6th May, 1999P_34",51,blank,,
1999,"6th May, 1999P_34",381,speech,,
1999,"6th May, 1999P_34",382,speech,,
1999,"6th May, 1999P_34",383,speech,,
1999,"6th May, 1999P_34",384,speech,,
1999,"6th May, 1999P_34",385,speech,,
1999,"6th May, 1999P_34",386,speech,,
1999,"6th May, 1999P_34",387,speech,,
1999,"6th May, 1999P_34",388,speech,,
1999,"6th May, 1999P_34",389,speech,,
1999,"6th May, 1999P_34",390,speech,,
1999,"6th May, 1999P_34",391,blank,,
1999,"6th May, 1999P_34",392,speech,,
1999,"6th May, 1999P_34",393,speech,,
1999,"6th May, 1999P_34",394,speech,,
1999,"6th May, 1999P_34",395,speech,,
1999,"6th May, 1999P_34",396,speech,,
1999,"6th May, 1999P_34",397,speech,,
1999,"6th May, 1999P_34",398,speech,,
1999,"6th May, 1999P_34",399,speech,,
1999,"6th May, 1999P_34",400,header,,
1999,"6th May, 1999P_34",401,header,,
1999,"6th May, 1999P_34",402,speech,,
1999,"6th May, 1999P_34",403,speech,,
1999,"6th May, 1999P_34",404,speech,,
1999,"6th May, 1999P_34",405,speech,,
1999,"9th June, 1999A_29",125,speech,,
1999,"9th June, 1999A_29",126,header,,
1999,"9th June, 1999A_29",127,header,,
1999,"9th June, 1999A_29",128,speech,,
1999,"9th June, 1999A_29",129,speech,,
1999,"9th June, 1999A_29",130,speech,,
1999,"9th June, 1999A_29",131,speech,,
1999,"9th June, 1999A_29",132,speech,,
1999,"9th June, 1999A_29",133,speech,,
1999,"9th June, 1999A_29",134,speech,,
1999,"9th June, 1999A_29",135,speech,,
1999,"9th June, 1999A_29",136,speech,,
1999,"9th June, 1999A_29",137,speech,,
1999,"9th June, 1999A_29",138,speech,,
1999,"9th June, 1999A_29",139,header,,
1999,"9th June, 1999A_29",140,header,,
1999,"9th June, 1999A_29",141,header,?,note: pdf page 6
1999,"9th June, 1999A_29",142,scene,?,(Eng. Muriuki on 12.5.99)
1999,"9th June, 1999A_29",143,scene,?,(Resumption of debate interrupted on 12.5.99)
1999,"9th June, 1999A_29",144,speech,,
1999,"9th June, 1999A_29",145,speech,,
1999,"9th June, 1999A_29",146,speech,,
1999,"9th June, 1999A_29",147,speech,,
1999,"9th June, 1999A_29",148,speech,,
1999,"9th June, 1999A_29",149,speech,,
1999,"9th June, 1999A_29",322,speech,,
1999,"9th June, 1999A_29",323,speech,,
1999,"9th June, 1999A_29",324,speech,,
1999,"9th June, 1999A_29",325,speech,,
1999,"9th June, 1999A_29",326,speech,,
1999,"9th June, 1999A_29",327,speech,,
1999,"9th June, 1999A_29",328,speech,,
1999,"9th June, 1999A_29",329,speech,,
1999,"9th June, 1999A_29",330,speech,,
1999,"9th June, 1999A_29",331,speech,,
1999,"9th June, 1999A_29",332,speech,,
1999,"9th June, 1999A_29",333,speech,,
1999,"9th June, 1999A_29",334,speech,,
1999,"9th June, 1999A_29",335,speech,,
1999,"9th June, 1999A_29",336,speech,,
1999,"9th June, 1999A_29",337,speech,,
1999,"9th June, 1999A_29",338,scene,,
1999,"9th June, 1999A_29",339,scene,,
1999,"9th June, 1999A_29",340,scene,,
1999,"9th June, 1999A_29",341,scene,,
1999,"9th June, 1999A_29",342,scene,,
1999,"9th June, 1999A_29",343,scene,,
1999,"9th June, 1999A_29",344,speech,,
1999,"9th June, 1999A_29",345,scene,,
1999,"9th June, 1999A_29",346,speech,,
1999,"13th April, 1999P_34",99,speech,,
1999,"13th April, 1999P_34",100,speech,,
1999,"13th April, 1999P_34",101,speech,,
1999,"13th April, 1999P_34",102,speech,,
1999,"13th April, 1999P_34",103,speech,,
1999,"13th April, 1999P_34",104,speech,,
1999,"13th April, 1999P_34",105,speech,,
1999,"13th April, 1999P_34",106,header,,
1999,"13th April, 1999P_34",107,blank,,
1999,"13th April, 1999P_34",108,header,,
1999,"13th April, 1999P_34",109,header,,
1999,"13th April, 1999P_34",110,blank,,
1999,"13th April, 1999P_34",111,speech,,
1999,"13th April, 1999P_34",112,speech,,
1999,"13th April, 1999P_34",113,speech,,
1999,"13th April, 1999P_34",114,speech,,
1999,"13th April, 1999P_34",115,speech,,
1999,"13th April, 1999P_34",116,speech,,
1999,"13th April, 1999P_34",117,speech,,
1999,"13th April, 1999P_34",118,speech,,
1999,"13th April, 1999P_34",119,speech,,
1999,"13th April, 1999P_34",120,speech,,
1999,"13th April, 1999P_34",121,speech,,
1999,"13th April, 1999P_34",122,speech,,
1999,"13th April, 1999P_34",123,speech,,
1999,"13th April, 1999P_34",1252,speech,,
1999,"13th April, 1999P_34",1253,speech,,
1999,"13th April, 1999P_34",1254,speech,,
1999,"13th April, 1999P_34",1255,speech,,
1999,"13th April, 1999P_34",1256,speech,,
1999,"13th April, 1999P_34",1257,speech,,
1999,"13th April, 1999P_34",1258,speech,,
1999,"13th April, 1999P_34",1259,speech,,
1999,"13th April, 1999P_34",1260,speech,,
1999,"13th April, 1999P_34",1261,speech,,
1999,"13th April, 1999P_34",1262,speech,,
1999,"13th April, 1999P_34",1263,speech,,
1999,"13th April, 1999P_34",1264,speech,,
1999,"13th April, 1999P_34",1265,speech,,
1999,"13th April, 1999P_34",1266,speech,,
1999,"13th April, 1999P_34",1267,speech,,
1999,"13th April, 1999P_34",1268,speech,,
1999,"13th April, 1999P_34",1269,speech,,
1999,"13th April, 1999P_34",1270,scene,?,(Loud consultations)
1999,"13th April, 1999P_34",1271,speech,,
1999,"13th April, 1999P_34",1272,speech,,
1999,"13th April, 1999P_34",1273,speech,,
1999,"13th April, 1999P_34",1274,speech,,
1999,"13th April, 1999P_34",1275,speech,,
1999,"13th April, 1999P_34",1276,speech,,
1999,"13th April, 1999P_34",1454,speech,,
1999,"13th April, 1999P_34",1455,speech,,
1999,"13th April, 1999P_34",1456,speech,,
1999,"13th April, 1999P_34",1457,speech,,
1999,"13th April, 1999P_34",1458,speech,,
1999,"13th April, 1999P_34",1459,speech,,
1999,"13th April, 1999P_34",1460,speech,,
1999,"13th April, 1999P_34",1461,speech,,
1999,"13th April, 1999P_34",1462,speech,,
1999,"13th April, 1999P_34",1463,speech,,
1999,"13th April, 1999P_34",1464,speech,,
1999,"13th April, 1999P_34",1465,speech,,
1999,"13th April, 1999P_34",1466,speech,,
1999,"13th April, 1999P_34",1467,speech,,
1999,"13th April, 1999P_34",1468,speech,,
1999,"13th April, 1999P_34",1469,speech,,
1999,"13th April, 1999P_34",1470,speech,,
1999,"13th April, 1999P_34",1471,speech,,
1999,"13th April, 1999P_34",1472,speech,,
1999,"13th April, 1999P_34",1473,speech,,
1999,"13th April, 1999P_34",1474,speech,,
1999,"13th April, 1999P_34",1475,speech,,
1999,"13th April, 1999P_34",1476,speech,,
1999,"13th April, 1999P_34",1477,speech,,
1999,"13th April, 1999P_34",1478,speech,,
1999,"13th April, 1999P_34",1701,speech,,
1999,"13th April, 1999P_34",1702,speech,,
1999,"13th April, 1999P_34",1703,speech,,
1999,"13th April, 1999P_34",1704,speech,,
1999,"13th April, 1999P_34",1705,speech,,
1999,"13th April, 1999P_34",1706,speech,,
1999,"13th April, 1999P_34",1707,speech,,
1999,"13th April, 1999P_34",1708,speech,,
1999,"13th April, 1999P_34",1709,speech,,
1999,"13th April, 1999P_34",1710,speech,,
1999,"13th April, 1999P_34",1711,speech,,
1999,"13th April, 1999P_34",1712,speech,,
1999,"13th April, 1999P_34",1713,speech,,
1999,"13th April, 1999P_34",1714,speech,,
1999,"13th April, 1999P_34",1715,speech,,
1999,"13th April, 1999P_34",1716,speech,,
1999,"13th April, 1999P_34",1717,speech,,
1999,"13th April, 1999P_34",1718,speech,,
1999,"13th April, 1999P_34",1719,speech,,
1999,"13th April, 1999P_34",1720,speech,,
1999,"13th April, 1999P_34",1721,speech,,
1999,"13th April, 1999P_34",1722,speech,,
1999,"13th April, 1999P_34",1723,speech,,
1999,"13th April, 1999P_34",1724,speech,,
1999,"13th April, 1999P_34",1725,speech,,
1990,5th-12th June90,1488,speech,,"note: the quality of (5th-12th June90) 1990 is low, and hard to identify"
1990,5th-12th June90,1489,header,,
1990,5th-12th June90,1490,header,,
1990,5th-12th June90,1491,header,,
1990,5th-12th June90,1492,speech,,
1990,5th-12th June90,1493,speech,,
1990,5th-12th June90,1494,speech,,
1990,5th-12th June90,1495,speech,,
1990,5th-12th June90,1496,speech,,
1990,5th-12th June90,1497,blank,,
1990,5th-12th June90,1498,blank,,
1990,5th-12th June90,1499,speech,,
1990,5th-12th June90,1500,speech,,
1990,5th-12th June90,1501,speech,,
1990,5th-12th June90,1502,speech,,
1990,5th-12th June90,1503,speech,,
1990,5th-12th June90,1504,speech,,
1990,5th-12th June90,1505,speech,,
1990,5th-12th June90,1506,speech,,
1990,5th-12th June90,1507,blank,,
1990,5th-12th June90,1508,blank,,
1990,5th-12th June90,1509,speech,,
1990,5th-12th June90,1510,speech,,
1990,5th-12th June90,1511,scene,,
1990,5th-12th June90,1512,speech,,
1990,5th-12th June90,1915,header,,
1990,5th-12th June90,1916,speech,,
1990,5th-12th June90,1917,header,,
1990,5th-12th June90,1918,speech,,
1990,5th-12th June90,1919,speech,,
1990,5th-12th June90,1920,header,,
1990,5th-12th June90,1921,header,?,<I>(a) Introduction</I>
1990,5th-12th June90,1922,speech,,
1990,5th-12th June90,1923,speech,,
1990,5th-12th June90,1924,speech,,
1990,5th-12th June90,1925,blank,,
1990,5th-12th June90,1926,blank,,
1990,5th-12th June90,1927,speech,?,[The Vice-President and Minister for Finance]
1990,5th-12th June90,1928,speech,,
1990,5th-12th June90,1929,speech,?,<I>(b) Fiscal Policy</I>
1990,5th-12th June90,1930,speech,,
1990,5th-12th June90,1931,speech,,
1990,5th-12th June90,1932,speech,,
1990,5th-12th June90,1933,speech,,
1990,5th-12th June90,1934,speech,,
1990,5th-12th June90,1935,speech,,
1990,5th-12th June90,1936,speech,,
1990,5th-12th June90,1937,speech,,
1990,5th-12th June90,1938,speech,,
1990,5th-12th June90,1939,speech,?,<I>(c) Monetary Policy</I>
1990,18 - 25th July 90,3764,speech,,
1990,18 - 25th July 90,3765,blank,,
1990,18 - 25th July 90,3766,speech,,
1990,18 - 25th July 90,3767,speech,,
1990,18 - 25th July 90,3768,blank,,
1990,18 - 25th July 90,3769,speech,,
1990,18 - 25th July 90,3770,blank,,
1990,18 - 25th July 90,3771,scene,,
1990,18 - 25th July 90,3772,blank,,
1990,18 - 25th July 90,3773,speech,,
1990,18 - 25th July 90,3774,blank,,
1990,18 - 25th July 90,3775,speech,,
1990,18 - 25th July 90,3776,speech,,
1990,18 - 25th July 90,3777,blank,,
1990,18 - 25th July 90,3778,speech,,
1990,18 - 25th July 90,3779,speech,,
1990,18 - 25th July 90,3780,speech,,
1990,18 - 25th July 90,3781,blank,,
1990,18 - 25th July 90,3782,speech,,
1990,18 - 25th July 90,3783,blank,,
1990,18 - 25th July 90,3784,speech,,
1990,18 - 25th July 90,3785,blank,,
1990,18 - 25th July 90,3786,speech,,
1990,18 - 25th July 90,3787,blank,,
1990,18 - 25th July 90,3788,speech,,
1990,18 - 25th July 90,5126,speech,,
1990,18 - 25th July 90,5127,blank,,
1990,18 - 25th July 90,5128,speech,,
1990,18 - 25th July 90,5129,blank,,
1990,18 - 25th July 90,5130,speech,,
1990,18 - 25th July 90,5131,blank,,
1990,18 - 25th July 90,5132,speech,,
1990,18 - 25th July 90,5133,blank,,
1990,18 - 25th July 90,5134,speech,,
1990,18 - 25th July 90,5135,blank,,
1990,18 - 25th July 90,5136,speech,,
1990,18 - 25th July 90,5137,blank,,
1990,18 - 25th July 90,5138,speech,,
1990,18 - 25th July 90,5139,blank,,
1990,18 - 25th July 90,5140,scene,,
1990,18 - 25th July 90,5141,blank,,
1990,18 - 25th July 90,5142,speech,,
1990,18 - 25th July 90,5143,blank,,
1990,18 - 25th July 90,5144,speech,,
1990,18 - 25th July 90,5145,blank,,
1990,18 - 25th July 90,5146,speech,,
1990,18 - 25th July 90,5147,blank,,
1990,18 - 25th July 90,5148,speech,,
1990,18 - 25th July 90,5149,blank,,
1990,18 - 25th July 90,5150,speech,,
1996,1st October 1996P,180,speech,,
1996,1st October 1996P,181,speech,,
1996,1st October 1996P,182,speech,,
1996,1st October 1996P,183,speech,,
1996,1st October 1996P,184,speech,,
1996,1st October 1996P,185,speech,,
1996,1st October 1996P,186,speech,,
1996,1st October 1996P,187,speech,,
1996,1st October 1996P,188,speech,,
1996,1st October 1996P,189,header,,
1996,1st October 1996P,190,header,,
1996,1st October 1996P,191,speech,,
1996,1st October 1996P,192,speech,,
1996,1st October 1996P,193,speech,,
1996,1st October 1996P,194,speech,,
1996,1st October 1996P,195,speech,,
1996,1st October 1996P,196,speech,,
1996,1st October 1996P,197,speech,,
1996,1st October 1996P,198,speech,,
1996,1st October 1996P,199,speech,,
1996,1st October 1996P,200,speech,,
1996,1st October 1996P,201,speech,,
1996,1st October 1996P,202,speech,,
1996,1st October 1996P,203,speech,,
1996,1st October 1996P,204,speech,,
1996,1st October 1996P,219,speech,,
1996,1st October 1996P,220,speech,,
1996,1st October 1996P,221,scene,,
1996,1st October 1996P,222,speech,,
1996,1st October 1996P,223,speech,,
1996,1st October 1996P,224,speech,,
1996,1st October 1996P,225,speech,,
1996,1st October 1996P,226,scene,,
1996,1st October 1996P,227,speech,,
1996,1st October 1996P,228,speech,,
1996,1st October 1996P,229,speech,,
1996,1st October 1996P,230,speech,,
1996,1st October 1996P,231,speech,,
1996,1st October 1996P,232,speech,,
1996,1st October 1996P,233,speech,,
1996,1st October 1996P,234,speech,,
1996,1st October 1996P,235,speech,,
1996,1st October 1996P,236,speech,,
1996,1st October 1996P,237,speech,,
1996,1st October 1996P,238,speech,,
1996,1st October 1996P,239,speech,,
1996,1st October 1996P,240,speech,,
1996,1st October 1996P,241,speech,,
1996,1st October 1996P,242,speech,,
1996,1st October 1996P,243,speech,,
1996,1st October 1996P,318,speech,,
1996,1st October 1996P,319,speech,,
1996,1st October 1996P,320,speech,,
1996,1st October 1996P,321,speech,,
1996,1st October 1996P,322,speech,,
1996,1st October 1996P,323,speech,,
1996,1st October 1996P,324,speech,,
1996,1st October 1996P,325,speech,,
1996,1st October 1996P,326,speech,,
1996,1st October 1996P,327,speech,,
1996,1st October 1996P,328,speech,,
1996,1st October 1996P,329,speech,,
1996,1st October 1996P,330,speech,,
1996,1st October 1996P,331,speech,,
1996,1st October 1996P,332,speech,,
1996,1st October 1996P,333,speech,,
1996,1st October 1996P,334,speech,,
1996,1st October 1996P,335,speech,,
1996,1st October 1996P,336,speech,,
1996,1st October 1996P,337,speech,,
1996,1st October 1996P,338,speech,,
1996,1st October 1996P,339,speech,,
1996,1st October 1996P,340,speech,,
1996,1st October 1996P,341,speech,,
1996,1st October 1996P,342,speech,,
1996,1st October 1996P,456,speech,,
1996,1st October 1996P,457,speech,,
1996,1st October 1996P,458,speech,,
1996,1st October 1996P,459,speech,,
1996,1st October 1996P,460,speech,,
1996,1st October 1996P,461,speech,,
1996,1st October 1996P,462,speech,,
1996,1st October 1996P,463,speech,,
1996,1st October 1996P,464,speech,,
1996,1st October 1996P,465,speech,,
1996,1st October 1996P,466,speech,,
1996,1st October 1996P,467,speech,,
1996,1st October 1996P,468,speech,,
1996,1st October 1996P,469,speech,,
1996,1st October 1996P,470,speech,,
1996,1st October 1996P,471,speech,,
1996,1st October 1996P,472,speech,,
1996,1st October 1996P,473,speech,,
1996,1st October 1996P,474,speech,,
1996,1st October 1996P,475,speech,,
1996,1st October 1996P,476,speech,,
1996,1st October 1996P,477,speech,,
1996,1st October 1996P,478,speech,,
1996,1st October 1996P,479,speech,,
1996,1st October 1996P,480,speech,,
1996,"3rd July, 1996P",15,scene,,
1996,"3rd July, 1996P",16,speech,,
1996,"3rd July, 1996P",17,speech,,
1996,"3rd July, 1996P",18,scene,,
1996,"3rd July, 1996P",19,speech,,
1996,"3rd July, 1996P",20,header,,
1996,"3rd July, 1996P",21,header,,
1996,"3rd July, 1996P",22,speech,,
1996,"3rd July, 1996P",23,speech,,
1996,"3rd July, 1996P",24,speech,,
1996,"3rd July, 1996P",25,speech,,
1996,"3rd July, 1996P",26,speech,,
1996,"3rd July, 1996P",27,speech,,
1996,"3rd July, 1996P",28,speech,,
1996,"3rd July, 1996P",29,speech,,
1996,"3rd July, 1996P",30,speech,,
1996,"3rd July, 1996P",31,speech,,
1996,"3rd July, 1996P",32,speech,,
1996,"3rd July, 1996P",33,speech,,
1996,"3rd July, 1996P",34,speech,,
1996,"3rd July, 1996P",35,speech,,
1996,"3rd July, 1996P",36,speech,,
1996,"3rd July, 1996P",37,speech,,
1996,"3rd July, 1996P",38,speech,,
1996,"3rd July, 1996P",39,speech,,
1996,"3rd July, 1996P",98,speech,,
1996,"3rd July, 1996P",99,speech,,
1996,"3rd July, 1996P",100,speech,,
1996,"3rd July, 1996P",101,speech,,
1996,"3rd July, 1996P",102,speech,,
1996,"3rd July, 1996P",103,speech,,
1996,"3rd July, 1996P",104,speech,,
1996,"3rd July, 1996P",105,header,,
1996,"3rd July, 1996P",106,header,,
1996,"3rd July, 1996P",107,speech,,
1996,"3rd July, 1996P",108,speech,,
1996,"3rd July, 1996P",109,speech,,
1996,"3rd July, 1996P",110,speech,,
1996,"3rd July, 1996P",111,speech,,
1996,"3rd July, 1996P",112,speech,,
1996,"3rd July, 1996P",113,speech,,
1996,"3rd July, 1996P",114,speech,,
1996,"3rd July, 1996P",115,speech,,
1996,"3rd July, 1996P",116,speech,,
1996,"3rd July, 1996P",117,speech,,
1996,"3rd July, 1996P",118,speech,,
1996,"3rd July, 1996P",119,speech,,
1996,"3rd July, 1996P",120,speech,,
1996,"3rd July, 1996P",121,speech,,
1996,"3rd July, 1996P",122,speech,,
1996,"3rd July, 1996P",206,speech,,
1996,"3rd July, 1996P",207,speech,,
1996,"3rd July, 1996P",208,speech,,
1996,"3rd July, 1996P",209,speech,,
1996,"3rd July, 1996P",210,speech,,
1996,"3rd July, 1996P",211,speech,,
1996,"3rd July, 1996P",212,speech,,
1996,"3rd July, 1996P",213,speech,,
1996,"3rd July, 1996P",214,speech,,
1996,"3rd July, 1996P",215,header,,
1996,"3rd July, 1996P",216,header,,
1996,"3rd July, 1996P",217,speech,,
1996,"3rd July, 1996P",218,scene,,
1996,"3rd July, 1996P",219,header,,
1996,"3rd July, 1996P",220,header,,
1996,"3rd July, 1996P",221,speech,,
1996,"3rd July, 1996P",222,speech,,
1996,"3rd July, 1996P",223,speech,,
1996,"3rd July, 1996P",224,speech,,
1996,"3rd July, 1996P",225,speech,,
1996,"3rd July, 1996P",226,speech,,
1996,"3rd July, 1996P",227,speech,,
1996,"3rd July, 1996P",228,speech,,
1996,"3rd July, 1996P",229,speech,,
1996,"3rd July, 1996P",230,speech,,
1996,"3rd July, 1996P",359,speech,,
1996,"3rd July, 1996P",360,speech,,
1996,"3rd July, 1996P",361,speech,,
1996,"3rd July, 1996P",362,speech,,
1996,"3rd July, 1996P",363,speech,,
1996,"3rd July, 1996P",364,scene,,
1996,"3rd July, 1996P",365,speech,,
1996,"3rd July, 1996P",366,speech,,
1996,"3rd July, 1996P",367,scene,,
1996,"3rd July, 1996P",368,speech,,
1996,"3rd July, 1996P",369,speech,,
1996,"3rd July, 1996P",370,speech,,
1996,"3rd July, 1996P",371,speech,,
1996,"3rd July, 1996P",372,speech,,
1996,"3rd July, 1996P",373,speech,,
1996,"3rd July, 1996P",374,speech,,
1996,"3rd July, 1996P",375,speech,,
1996,"3rd July, 1996P",376,scene,,
1996,"3rd July, 1996P",377,speech,,
1996,"3rd July, 1996P",378,speech,,
1996,"3rd July, 1996P",379,speech,,
1996,"3rd July, 1996P",380,speech,,
1996,"3rd July, 1996P",381,speech,,
1996,"3rd July, 1996P",382,speech,,
1996,"3rd July, 1996P",383,speech,,
1996,"6th November, 1996P",81,speech,,
1996,"6th November, 1996P",82,header,,
1996,"6th November, 1996P",83,header,,
1996,"6th November, 1996P",84,speech,,
1996,"6th November, 1996P",85,speech,,
1996,"6th November, 1996P",86,speech,,
1996,"6th November, 1996P",87,speech,,
1996,"6th November, 1996P",88,speech,,
1996,"6th November, 1996P",89,speech,,
1996,"6th November, 1996P",90,speech,,
1996,"6th November, 1996P",91,speech,,
1996,"6th November, 1996P",92,speech,,
1996,"6th November, 1996P",93,speech,,
1996,"6th November, 1996P",94,header,,
1996,"6th November, 1996P",95,header,,
1996,"6th November, 1996P",96,speech,,
1996,"6th November, 1996P",97,speech,,
1996,"6th November, 1996P",98,speech,,
1996,"6th November, 1996P",99,speech,,
1996,"6th November, 1996P",100,speech,,
1996,"6th November, 1996P",101,speech,,
1996,"6th November, 1996P",102,speech,,
1996,"6th November, 1996P",103,speech,,
1996,"6th November, 1996P",104,speech,,
1996,"6th November, 1996P",105,speech,,
1996,"6th November, 1996P",135,speech,,
1996,"6th November, 1996P",136,speech,,
1996,"6th November, 1996P",137,speech,,
1996,"6th November, 1996P",138,speech,,
1996,"6th November, 1996P",139,speech,,
1996,"6th November, 1996P",140,speech,,
1996,"6th November, 1996P",141,speech,,
1996,"6th November, 1996P",142,speech,,
1996,"6th November, 1996P",143,speech,,
1996,"6th November, 1996P",144,speech,,
1996,"6th November, 1996P",145,speech,,
1996,"6th November, 1996P",146,speech,,
1996,"6th November, 1996P",147,speech,,
1996,"6th November, 1996P",148,speech,,
1996,"6th November, 1996P",149,speech,,
1996,"6th November, 1996P",150,speech,,
1996,"6th November, 1996P",151,speech,,
1996,"6th November, 1996P",152,speech,,
1996,"6th November, 1996P",153,speech,,
1996,"6th November, 1996P",154,speech,,
1996,"6th November, 1996P",155,speech,,
1996,"6th November, 1996P",156,speech,,
1996,"6th November, 1996P",157,speech,,
1996,"6th November, 1996P",158,speech,,
1996,"6th November, 1996P",159,speech,,
1996,"6th November, 1996P",348,speech,,
1996,"6th November, 1996P",349,speech,,
1996,"6th November, 1996P",350,speech,,
1996,"6th November, 1996P",351,speech,,
1996,"6th November, 1996P",352,speech,,
1996,"6th November, 1996P",353,speech,,
1996,"6th November, 1996P",354,speech,,
1996,"6th November, 1996P",355,speech,,
1996,"6th November, 1996P",356,speech,,
1996,"6th November, 1996P",357,speech,,
1996,"6th November, 1996P",358,speech,,
1996,"6th November, 1996P",359,speech,,
1996,"6th November, 1996P",360,speech,,
1996,"6th November, 1996P",361,speech,,
1996,"6th November, 1996P",362,speech,,
1996,"6th November, 1996P",363,speech,,
1996,"6th November, 1996P",364,speech,,
1996,"6th November, 1996P",365,speech,,
1996,"6th November, 1996P",366,speech,,
1996,"6th November, 1996P",367,speech,,
1996,"6th November, 1996P",368,speech,,
1996,"6th November, 1996P",369,speech,,
1996,"6th November, 1996P",370,speech,,
1996,"6th November, 1996P",371,speech,,
1996,"6th November, 1996P",372,speech,,
1996,"6th November, 1996P",451,speech,,
1996,"6th November, 1996P",452,speech,,
1996,"6th November, 1996P",453,speech,,
1996,"6th November, 1996P",454,speech,,
1996,"6th November, 1996P",455,speech,,
1996,"6th November, 1996P",456,speech,,
1996,"6th November, 1996P",457,speech,,
1996,"6th November, 1996P",458,speech,,
1996,"6th November, 1996P",459,speech,,
1996,"6th November, 1996P",460,speech,,
1996,"6th November, 1996P",461,scene,,
1996,"6th November, 1996P",462,speech,,
1996,"6th November, 1996P",463,speech,,
1996,"6th November, 1996P",464,speech,,
1996,"6th November, 1996P",465,speech,,
1996,"6th November, 1996P",466,speech,,
1996,"6th November, 1996P",467,speech,,
1996,"6th November, 1996P",468,speech,,
1996,"6th November, 1996P",469,speech,,
1996,"6th November, 1996P",470,speech,,
1996,"6th November, 1996P",471,speech,,
1996,"6th November, 1996P",472,speech,,
1996,"6th November, 1996P",473,speech,,
1996,"6th November, 1996P",474,speech,,
1996,"6th November, 1996P",475,speech,,
1983,15th Mar 1983 - 12th July 1983 pg 1000 onwards,16,header,,
1983,15th Mar 1983 - 12th July 1983 pg 1000 onwards,17,speech,,
1983,15th Mar 1983 - 12th July 1983 pg 1000 onwards,18,speech,,
1983,15th Mar 1983 - 12th July 1983 pg 1000 onwards,19,speech,,
1983,15th Mar 1983 - 12th July 1983 pg 1000 onwards,20,speech,,
1983,15th Mar 1983 - 12th July 1983 pg 1000 onwards,21,speech,,
1983,15th Mar 1983 - 12th July 1983 pg 1000 onwards,22,speech,,
1983,15th Mar 1983 - 12th July 1983 pg 1000 onwards,23,blank,,
1983,15th Mar 1983 - 12th July 1983 pg 1000 onwards,24,speech,,
1983,15th Mar 1983 - 12th July 1983 pg 1000 onwards,25,speech,,
1983,15th Mar 1983 - 12th July 1983 pg 1000 onwards,26,speech,,
1983,15th Mar 1983 - 12th July 1983 pg 1000 onwards,27,speech,,
1983,15th Mar 1983 - 12th July 1983 pg 1000 onwards,28,header,,
1983,15th Mar 1983 - 12th July 1983 pg 1000 onwards,29,header,,
1983,15th Mar 1983 - 12th July 1983 pg 1000 onwards,30,speech,,
1983,15th Mar 1983 - 12th July 1983 pg 1000 onwards,31,speech,,
1983,15th Mar 1983 - 12th July 1983 pg 1000 onwards,32,speech,,
1983,15th Mar 1983 - 12th July 1983 pg 1000 onwards,33,speech,,
1983,15th Mar 1983 - 12th July 1983 pg 1000 onwards,34,speech,,
1983,15th Mar 1983 - 12th July 1983 pg 1000 onwards,35,speech,,
1983,15th Mar 1983 - 12th July 1983 pg 1000 onwards,36,speech,,
1983,15th Mar 1983 - 12th July 1983 pg 1000 onwards,37,speech,,
1983,15th Mar 1983 - 12th July 1983 pg 1000 onwards,38,speech,,
1983,15th Mar 1983 - 12th July 1983 pg 1000 onwards,39,speech,,
1983,15th Mar 1983 - 12th July 1983 pg 1000 onwards,40,speech,,
1983,15th Mar 1983 - 12th July 1983 pg 1000 onwards,2960,speech,,
1983,15th Mar 1983 - 12th July 1983 pg 1000 onwards,2961,speech,,
1983,15th Mar 1983 - 12th July 1983 pg 1000 onwards,2962,speech,,
1983,15th Mar 1983 - 12th July 1983 pg 1000 onwards,2963,speech,,
1983,15th Mar 1983 - 12th July 1983 pg 1000 onwards,2964,speech,,
1983,15th Mar 1983 - 12th July 1983 pg 1000 onwards,2965,speech,,
1983,15th Mar 1983 - 12th July 1983 pg 1000 onwards,2966,speech,,
1983,15th Mar 1983 - 12th July 1983 pg 1000 onwards,2967,speech,,
1983,15th Mar 1983 - 12th July 1983 pg 1000 onwards,2968,speech,,
1983,15th Mar 1983 - 12th July 1983 pg 1000 onwards,2969,speech,,
1983,15th Mar 1983 - 12th July 1983 pg 1000 onwards,2970,speech,,
1983,15th Mar 1983 - 12th July 1983 pg 1000 onwards,2971,speech,,
1983,15th Mar 1983 - 12th July 1983 pg 1000 onwards,2972,speech,,
1983,15th Mar 1983 - 12th July 1983 pg 1000 onwards,2973,speech,,
1983,15th Mar 1983 - 12th July 1983 pg 1000 onwards,2974,speech,,
1983,15th Mar 1983 - 12th July 1983 pg 1000 onwards,2975,speech,,
1983,15th Mar 1983 - 12th July 1983 pg 1000 onwards,2976,speech,,
1983,15th Mar 1983 - 12th July 1983 pg 1000 onwards,2977,speech,,
1983,15th Mar 1983 - 12th July 1983 pg 1000 onwards,2978,blank,,
1983,15th Mar 1983 - 12th July 1983 pg 1000 onwards,2979,speech,,
1983,15th Mar 1983 - 12th July 1983 pg 1000 onwards,2980,speech,,
1983,15th Mar 1983 - 12th July 1983 pg 1000 onwards,2981,speech,,
1983,15th Mar 1983 - 12th July 1983 pg 1000 onwards,2982,speech,,
1983,15th Mar 1983 - 12th July 1983 pg 1000 onwards,2983,speech,,
1983,15th Mar 1983 - 12th July 1983 pg 1000 onwards,2984,speech,,
1983,15th Mar 1983 - 12th July 1983 pg 1000 onwards,8200,speech,,
1983,15th Mar 1983 - 12th July 1983 pg 1000 onwards,8201,speech,,
1983,15th Mar 1983 - 12th July 1983 pg 1000 onwards,8202,speech,,
1983,15th Mar 1983 - 12th July 1983 pg 1000 onwards,8203,speech,,
1983,15th Mar 1983 - 12th July 1983 pg 1000 onwards,8204,speech,,
1983,15th Mar 1983 - 12th July 1983 pg 1000 onwards,8205,speech,,
1983,15th Mar 1983 - 12th July 1983 pg 1000 onwards,8206,speech,,
1983,15th Mar 1983 - 12th July 1983 pg 1000 onwards,8207,speech,,
1983,15th Mar 1983 - 12th July 1983 pg 1000 onwards,8208,speech,,
1983,15th Mar 1983 - 12th July 1983 pg 1000 onwards,8209,speech,,
1983,15th Mar 1983 - 12th July 1983 pg 1000 onwards,8210,speech,,
1983,15th Mar 1983 - 12th July 1983 pg 1000 onwards,8211,speech,,
1983,15th Mar 1983 - 12th July 1983 pg 1000 onwards,8212,blank,,
1983,15th Mar 1983 - 12th July 1983 pg 1000 onwards,8213,blank,,
1983,15th Mar 1983 - 12th July 1983 pg 1000 onwards,8214,blank,,
1983,15th Mar 1983 - 12th July 1983 pg 1000 onwards,8215,blank,,
1983,15th Mar 1983 - 12th July 1983 pg 1000 onwards,8216,blank,,
1983,15th Mar 1983 - 12th July 1983 pg 1000 onwards,8217,blank,,
1983,15th Mar 1983 - 12th July 1983 pg 1000 onwards,8218,speech,,
1983,15th Mar 1983 - 12th July 1983 pg 1000 onwards,8219,blank,,
1983,15th Mar 1983 - 12th July 1983 pg 1000 onwards,8220,blank,,
1983,15th Mar 1983 - 12th July 1983 pg 1000 onwards,8221,speech,,
1983,15th Mar 1983 - 12th July 1983 pg 1000 onwards,8222,speech,,
1983,15th Mar 1983 - 12th July 1983 pg 1000 onwards,8223,speech,,
1983,15th Mar 1983 - 12th July 1983 pg 1000 onwards,8224,speech,,
1983,15th Mar 1983 - 12th July 1983 pg 1000 onwards,17188,speech,,
1983,15th Mar 1983 - 12th July 1983 pg 1000 onwards,17189,speech,,
1983,15th Mar 1983 - 12th July 1983 pg 1000 onwards,17190,speech,,
1983,15th Mar 1983 - 12th July 1983 pg 1000 onwards,17191,speech,,
1983,15th Mar 1983 - 12th July 1983 pg 1000 onwards,17192,speech,,
1983,15th Mar 1983 - 12th July 1983 pg 1000 onwards,17193,speech,,
1983,15th Mar 1983 - 12th July 1983 pg 1000 onwards,17194,speech,,
1983,15th Mar 1983 - 12th July 1983 pg 1000 onwards,17195,speech,,
1983,15th Mar 1983 - 12th July 1983 pg 1000 onwards,17196,speech,,
1983,15th Mar 1983 - 12th July 1983 pg 1000 onwards,17197,speech,,
1983,15th Mar 1983 - 12th July 1983 pg 1000 onwards,17198,speech,,
1983,15th Mar 1983 - 12th July 1983 pg 1000 onwards,17199,speech,,
1983,15th Mar 1983 - 12th July 1983 pg 1000 onwards,17200,speech,,
1983,15th Mar 1983 - 12th July 1983 pg 1000 onwards,17201,speech,,
1983,15th Mar 1983 - 12th July 1983 pg 1000 onwards,17202,speech,,
1983,15th Mar 1983 - 12th July 1983 pg 1000 onwards,17203,speech,,
1983,15th Mar 1983 - 12th July 1983 pg 1000 onwards,17204,speech,,
1983,15th Mar 1983 - 12th July 1983 pg 1000 onwards,17205,speech,,
1983,15th Mar 1983 - 12th July 1983 pg 1000 onwards,17206,speech,,
1983,15th Mar 1983 - 12th July 1983 pg 1000 onwards,17207,speech,,
1983,15th Mar 1983 - 12th July 1983 pg 1000 onwards,17208,speech,,
1983,15th Mar 1983 - 12th July 1983 pg 1000 onwards,17209,speech,,
1983,15th Mar 1983 - 12th July 1983 pg 1000 onwards,17210,speech,,
1983,15th Mar 1983 - 12th July 1983 pg 1000 onwards,17211,speech,,
1983,15th Mar 1983 - 12th July 1983 pg 1000 onwards,17212,speech,,
1983,15th Mar 1983 - 12th July 1983,1038,speech,,
1983,15th Mar 1983 - 12th July 1983,1039,speech,,
1983,15th Mar 1983 - 12th July 1983,1040,speech,,
1983,15th Mar 1983 - 12th July 1983,1041,speech,,
1983,15th Mar 1983 - 12th July 1983,1042,speech,,
1983,15th Mar 1983 - 12th July 1983,1043,speech,,
1983,15th Mar 1983 - 12th July 1983,1044,speech,,
1983,15th Mar 1983 - 12th July 1983,1045,speech,,
1983,15th Mar 1983 - 12th July 1983,1046,speech,,
1983,15th Mar 1983 - 12th July 1983,1047,speech,,
1983,15th Mar 1983 - 12th July 1983,1048,speech,,
1983,15th Mar 1983 - 12th July 1983,1049,speech,,
1983,15th Mar 1983 - 12th July 1983,1050,speech,,
1983,15th Mar 1983 - 12th July 1983,1051,speech,,
1983,15th Mar 1983 - 12th July 1983,1052,speech,,
1983,15th Mar 1983 - 12th July 1983,1053,speech,,
1983,15th Mar 1983 - 12th July 1983,1054,speech,,
1983,15th Mar 1983 - 12th July 1983,1055,scene,,
1983,15th Mar 1983 - 12th July 1983,1056,scene,,
1983,15th Mar 1983 - 12th July 1983,1057,speech,,
1983,15th Mar 1983 - 12th July 1983,1058,speech,,
1983,15th Mar 1983 - 12th July 1983,1059,speech,,
1983,15th Mar 1983 - 12th July 1983,1060,speech,,
1983,15th Mar 1983 - 12th July 1983,1061,speech,,
1983,15th Mar 1983 - 12th July 1983,1062,speech,,
1983,15th Mar 1983 - 12th July 1983,8058,speech,,
1983,15th Mar 1983 - 12th July 1983,8059,speech,,
1983,15th Mar 1983 - 12th July 1983,8060,speech,,
1983,15th Mar 1983 - 12th July 1983,8061,speech,,
1983,15th Mar 1983 - 12th July 1983,8062,speech,,
1983,15th Mar 1983 - 12th July 1983,8063,speech,,
1983,15th Mar 1983 - 12th July 1983,8064,speech,,
1983,15th Mar 1983 - 12th July 1983,8065,speech,,
1983,15th Mar 1983 - 12th July 1983,8066,speech,,
1983,15th Mar 1983 - 12th July 1983,8067,speech,,
1983,15th Mar 1983 - 12th July 1983,8068,speech,,
1983,15th Mar 1983 - 12th July 1983,8069,speech,,
1983,15th Mar 1983 - 12th July 1983,8070,speech,,
1983,15th Mar 1983 - 12th July 1983,8071,speech,,
1983,15th Mar 1983 - 12th July 1983,8072,speech,,
1983,15th Mar 1983 - 12th July 1983,8073,speech,,
1983,15th Mar 1983 - 12th July 1983,8074,speech,,
1983,15th Mar 1983 - 12th July 1983,8075,speech,,
1983,15th Mar 1983 - 12th July 1983,8076,speech,,
1983,15th Mar 1983 - 12th July 1983,8077,speech,,
1983,15th Mar 1983 - 12th July 1983,8078,speech,,
1983,15th Mar 1983 - 12th July 1983,8079,speech,,
1983,15th Mar 1983 - 12th July 1983,8080,speech,,
1983,15th Mar 1983 - 12th July 1983,8081,speech,,
1983,15th Mar 1983 - 12th July 1983,8082,speech,,
1983,15th Mar 1983 - 12th July 1983,15443,speech,,
1983,15th Mar 1983 - 12th July 1983,15444,speech,,
1983,15th Mar 1983 - 12th July 1983,15445,speech,,
1983,15th Mar 1983 - 12th July 1983,15446,speech,,
1983,15th Mar 1983 - 12th July 1983,15447,speech,,
1983,15th Mar 1983 - 12th July 1983,15448,speech,,
1983,15th Mar 1983 - 12th July 1983,15449,speech,,
1983,15th Mar 1983 - 12th July 1983,15450,speech,,
1983,15th Mar 1983 - 12th July 1983,15451,speech,,
1983,15th Mar 1983 - 12th July 1983,15452,speech,,
1983,15th Mar 1983 - 12th July 1983,15453,speech,,
1983,15th Mar 1983 - 12th July 1983,15454,speech,,
1983,15th Mar 1983 - 12th July 1983,15455,speech,,
1983,15th Mar 1983 - 12th July 1983,15456,speech,,
1983,15th Mar 1983 - 12th July 1983,15457,speech,,
1983,15th Mar 1983 - 12th July 1983,15458,speech,,
1983,15th Mar 1983 - 12th July 1983,15459,speech,,
1983,15th Mar 1983 - 12th July 1983,15460,speech,,
1983,15th Mar 1983 - 12th July 1983,15461,speech,,
1983,15th Mar 1983 - 12th July 1983,15462,speech,,
1983,15th Mar 1983 - 12th July 1983,15463,speech,,
1983,15th Mar 1983 - 12th July 1983,15464,speech,,
1983,15th Mar 1983 - 12th July 1983,15465,speech,,
1983,15th Mar 1983 - 12th July 1983,15466,speech,,
1983,15th Mar 1983 - 12th July 1983,15467,blank,,
1983,15th Mar 1983 - 12th July 1983,25171,speech,,
1983,15th Mar 1983 - 12th July 1983,25172,speech,,
1983,15th Mar 1983 - 12th July 1983,25173,speech,,
1983,15th Mar 1983 - 12th July 1983,25174,speech,,
1983,15th Mar 1983 - 12th July 1983,25175,speech,,
1983,15th Mar 1983 - 12th July 1983,25176,speech,,
1983,15th Mar 1983 - 12th July 1983,25177,speech,,
1983,15th Mar 1983 - 12th July 1983,25178,speech,,
1983,15th Mar 1983 - 12th July 1983,25179,speech,,
1983,15th Mar 1983 - 12th July 1983,25180,speech,,
1983,15th Mar 1983 - 12th July 1983,25181,speech,,
1983,15th Mar 1983 - 12th July 1983,25182,speech,,
1983,15th Mar 1983 - 12th July 1983,25183,speech,,
1983,15th Mar 1983 - 12th July 1983,25184,speech,,
1983,15th Mar 1983 - 12th July 1983,25185,scene,,
1983,15th Mar 1983 - 12th July 1983,25186,scene,,
1983,15th Mar 1983 - 12th July 1983,25187,scene,,
1983,15th Mar 1983 - 12th July 1983,25188,scene,,
1983,15th Mar 1983 - 12th July 1983,25189,speech,,
1983,15th Mar 1983 - 12th July 1983,25190,speech,,
1983,15th Mar 1983 - 12th July 1983,25191,speech,,
1983,15th Mar 1983 - 12th July 1983,25192,speech,,
1983,15th Mar 1983 - 12th July 1983,25193,scene,,
1983,15th Mar 1983 - 12th July 1983,25194,speech,,
1983,15th Mar 1983 - 12th July 1983,25195,speech,,
1983,18th Oct 1983 - 1 Dec 1983,10837,blank,,
1983,18th Oct 1983 - 1 Dec 1983,10838,blank,,
1983,18th Oct 1983 - 1 Dec 1983,10839,blank,,
1983,18th Oct 1983 - 1 Dec 1983,10840,speech,,
1983,18th Oct 1983 - 1 Dec 1983,10841,speech,,
1983,18th Oct 1983 - 1 Dec 1983,10842,speech,,
1983,18th Oct 1983 - 1 Dec 1983,10843,speech,,
1983,18th Oct 1983 - 1 Dec 1983,10844,speech,,
1983,18th Oct 1983 - 1 Dec 1983,10845,speech,,
1983,18th Oct 1983 - 1 Dec 1983,10846,speech,,
1983,18th Oct 1983 - 1 Dec 1983,10847,speech,,
1983,18th Oct 1983 - 1 Dec 1983,10848,speech,,
1983,18th Oct 1983 - 1 Dec 1983,10849,speech,,
1983,18th Oct 1983 - 1 Dec 1983,10850,blank,,
1983,18th Oct 1983 - 1 Dec 1983,10851,blank,,
1983,18th Oct 1983 - 1 Dec 1983,10852,blank,,
1983,18th Oct 1983 - 1 Dec 1983,10853,speech,,
1983,18th Oct 1983 - 1 Dec 1983,10854,speech,,
1983,18th Oct 1983 - 1 Dec 1983,10855,speech,,
1983,18th Oct 1983 - 1 Dec 1983,10856,speech,,
1983,18th Oct 1983 - 1 Dec 1983,10857,speech,,
1983,18th Oct 1983 - 1 Dec 1983,10858,speech,,
1983,18th Oct 1983 - 1 Dec 1983,10859,speech,,
1983,18th Oct 1983 - 1 Dec 1983,10860,speech,,
1983,18th Oct 1983 - 1 Dec 1983,10861,speech,,
1983,18th Oct 1983 - 1 Dec 1983,11157,speech,,
1983,18th Oct 1983 - 1 Dec 1983,11158,speech,,
1983,18th Oct 1983 - 1 Dec 1983,11159,speech,,
1983,18th Oct 1983 - 1 Dec 1983,11160,speech,,
1983,18th Oct 1983 - 1 Dec 1983,11161,speech,,
1983,18th Oct 1983 - 1 Dec 1983,11162,speech,,
1983,18th Oct 1983 - 1 Dec 1983,11163,speech,,
1983,18th Oct 1983 - 1 Dec 1983,11164,speech,,
1983,18th Oct 1983 - 1 Dec 1983,11165,speech,,
1983,18th Oct 1983 - 1 Dec 1983,11166,speech,,
1983,18th Oct 1983 - 1 Dec 1983,11167,speech,,
1983,18th Oct 1983 - 1 Dec 1983,11168,speech,,
1983,18th Oct 1983 - 1 Dec 1983,11169,speech,,
1983,18th Oct 1983 - 1 Dec 1983,11170,speech,,
1983,18th Oct 1983 - 1 Dec 1983,11171,speech,,
1983,18th Oct 1983 - 1 Dec 1983,11172,speech,,
1983,18th Oct 1983 - 1 Dec 1983,11173,speech,,
1983,18th Oct 1983 - 1 Dec 1983,11174,speech,,
1983,18th Oct 1983 - 1 Dec 1983,11175,speech,,
1983,18th Oct 1983 - 1 Dec 1983,11176,speech,,
1983,18th Oct 1983 - 1 Dec 1983,11177,speech,,
1983,18th Oct 1983 - 1 Dec 1983,11178,speech,,
1983,18th Oct 1983 - 1 Dec 1983,11179,speech,,
1983,18th Oct 1983 - 1 Dec 1983,11180,speech,,
1983,18th Oct 1983 - 1 Dec 1983,11181,speech,,
1983,18th Oct 1983 - 1 Dec 1983,14760,speech,,
1983,18th Oct 1983 - 1 Dec 1983,14761,speech,,
1983,18th Oct 1983 - 1 Dec 1983,14762,speech,,
1983,18th Oct 1983 - 1 Dec 1983,14763,speech,,
1983,18th Oct 1983 - 1 Dec 1983,14764,speech,,
1983,18th Oct 1983 - 1 Dec 1983,14765,speech,,
1983,18th Oct 1983 - 1 Dec 1983,14766,speech,,
1983,18th Oct 1983 - 1 Dec 1983,14767,speech,,
1983,18th Oct 1983 - 1 Dec 1983,14768,speech,,
1983,18th Oct 1983 - 1 Dec 1983,14769,speech,,
1983,18th Oct 1983 - 1 Dec 1983,14770,speech,,
1983,18th Oct 1983 - 1 Dec 1983,14771,speech,,
1983,18th Oct 1983 - 1 Dec 1983,14772,speech,,
1983,18th Oct 1983 - 1 Dec 1983,14773,speech,,
1983,18th Oct 1983 - 1 Dec 1983,14774,speech,,
1983,18th Oct 1983 - 1 Dec 1983,14775,speech,,
1983,18th Oct 1983 - 1 Dec 1983,14776,speech,,
1983,18th Oct 1983 - 1 Dec 1983,14777,speech,,
1983,18th Oct 1983 - 1 Dec 1983,14778,speech,,
1983,18th Oct 1983 - 1 Dec 1983,14779,speech,,
1983,18th Oct 1983 - 1 Dec 1983,14780,speech,,
1983,18th Oct 1983 - 1 Dec 1983,14781,speech,,
1983,18th Oct 1983 - 1 Dec 1983,14782,speech,,
1983,18th Oct 1983 - 1 Dec 1983,14783,speech,,
1983,18th Oct 1983 - 1 Dec 1983,14784,speech,,
1983,18th Oct 1983 - 1 Dec 1983,16474,speech,,
1983,18th Oct 1983 - 1 Dec 1983,16475,speech,,
1983,18th Oct 1983 - 1 Dec 1983,16476,blank,,
1983,18th Oct 1983 - 1 Dec 1983,16477,blank,,
1983,18th Oct 1983 - 1 Dec 1983,16478,blank,,
1983,18th Oct 1983 - 1 Dec 1983,16479,speech,,
1983,18th Oct 1983 - 1 Dec 1983,16480,speech,,
1983,18th Oct 1983 - 1 Dec 1983,16481,speech,,
1983,18th Oct 1983 - 1 Dec 1983,16482,speech,,
1983,18th Oct 1983 - 1 Dec 1983,16483,speech,,
1983,18th Oct 1983 - 1 Dec 1983,16484,speech,,
1983,18th Oct 1983 - 1 Dec 1983,16485,speech,,
1983,18th Oct 1983 - 1 Dec 1983,16486,speech,,
1983,18th Oct 1983 - 1 Dec 1983,16487,speech,,
1983,18th Oct 1983 - 1 Dec 1983,16488,blank,,
1983,18th Oct 1983 - 1 Dec 1983,16489,blank,,
1983,18th Oct 1983 - 1 Dec 1983,16490,blank,,
1983,18th Oct 1983 - 1 Dec 1983,16491,blank,,
1983,18th Oct 1983 - 1 Dec 1983,16492,blank,,
1983,18th Oct 1983 - 1 Dec 1983,16493,speech,,
1983,18th Oct 1983 - 1 Dec 1983,16494,speech,,
1983,18th Oct 1983 - 1 Dec 1983,16495,speech,,
1983,18th Oct 1983 - 1 Dec 1983,16496,speech,,
1983,18th Oct 1983 - 1 Dec 1983,16497,speech,,
1983,18th Oct 1983 - 1 Dec 1983,16498,speech,,
1981,9th June 1981 - 30th July 1981,15792,header,,
1981,9th June 1981 - 30th July 1981,15793,blank,,
1981,9th June 1981 - 30th July 1981,15794,scene,,
1981,9th June 1981 - 30th July 1981,15795,header,,
1981,9th June 1981 - 30th July 1981,15796,header,,
1981,9th June 1981 - 30th July 1981,15797,blank,,
1981,9th June 1981 - 30th July 1981,15798,header,,
1981,9th June 1981 - 30th July 1981,15799,header,,
1981,9th June 1981 - 30th July 1981,15800,speech,,
1981,9th June 1981 - 30th July 1981,15801,speech,,
1981,9th June 1981 - 30th July 1981,15802,speech,,
1981,9th June 1981 - 30th July 1981,15803,speech,,
1981,9th June 1981 - 30th July 1981,15804,scene,,
1981,9th June 1981 - 30th July 1981,15805,speech,,
1981,9th June 1981 - 30th July 1981,15806,scene,,
1981,9th June 1981 - 30th July 1981,15807,speech,,
1981,9th June 1981 - 30th July 1981,15808,speech,,
1981,9th June 1981 - 30th July 1981,15809,speech,,
1981,9th June 1981 - 30th July 1981,15810,speech,,
1981,9th June 1981 - 30th July 1981,15811,speech,,
1981,9th June 1981 - 30th July 1981,15812,speech,,
1981,9th June 1981 - 30th July 1981,15813,speech,,
1981,9th June 1981 - 30th July 1981,15814,speech,,
1981,9th June 1981 - 30th July 1981,15815,scene,,
1981,9th June 1981 - 30th July 1981,15816,speech,,
1981,9th June 1981 - 30th July 1981,23335,speech,,
1981,9th June 1981 - 30th July 1981,23336,speech,,
1981,9th June 1981 - 30th July 1981,23337,speech,,
1981,9th June 1981 - 30th July 1981,23338,blank,,
1981,9th June 1981 - 30th July 1981,23339,blank,,
1981,9th June 1981 - 30th July 1981,23340,speech,,
1981,9th June 1981 - 30th July 1981,23341,speech,,
1981,9th June 1981 - 30th July 1981,23342,speech,,
1981,9th June 1981 - 30th July 1981,23343,speech,,
1981,9th June 1981 - 30th July 1981,23344,speech,,
1981,9th June 1981 - 30th July 1981,23345,speech,,
1981,9th June 1981 - 30th July 1981,23346,speech,,
1981,9th June 1981 - 30th July 1981,23347,speech,,
1981,9th June 1981 - 30th July 1981,23348,speech,,
1981,9th June 1981 - 30th July 1981,23349,speech,,
1981,9th June 1981 - 30th July 1981,23350,blank,,
1981,9th June 1981 - 30th July 1981,23351,blank,,
1981,9th June 1981 - 30th July 1981,23352,blank,,
1981,9th June 1981 - 30th July 1981,23353,speech,,
1981,9th June 1981 - 30th July 1981,23354,speech,,
1981,9th June 1981 - 30th July 1981,23355,speech,,
1981,9th June 1981 - 30th July 1981,23356,speech,,
1981,9th June 1981 - 30th July 1981,23357,speech,,
1981,9th June 1981 - 30th July 1981,23358,speech,,
1981,9th June 1981 - 30th July 1981,23359,speech,,
1981,9th June 1981 - 30th July 1981,26767,speech,,
1981,9th June 1981 - 30th July 1981,26768,speech,,
1981,9th June 1981 - 30th July 1981,26769,speech,,
1981,9th June 1981 - 30th July 1981,26770,speech,,
1981,9th June 1981 - 30th July 1981,26771,speech,,
1981,9th June 1981 - 30th July 1981,26772,speech,,
1981,9th June 1981 - 30th July 1981,26773,scene,,
1981,9th June 1981 - 30th July 1981,26774,scene,,
1981,9th June 1981 - 30th July 1981,26775,scene,,
1981,9th June 1981 - 30th July 1981,26776,scene,,
1981,9th June 1981 - 30th July 1981,26777,speech,,
1981,9th June 1981 - 30th July 1981,26778,speech,,
1981,9th June 1981 - 30th July 1981,26779,speech,,
1981,9th June 1981 - 30th July 1981,26780,speech,,
1981,9th June 1981 - 30th July 1981,26781,speech,,
1981,9th June 1981 - 30th July 1981,26782,speech,,
1981,9th June 1981 - 30th July 1981,26783,speech,,
1981,9th June 1981 - 30th July 1981,26784,speech,,
1981,9th June 1981 - 30th July 1981,26785,speech,,
1981,9th June 1981 - 30th July 1981,26786,speech,,
1981,9th June 1981 - 30th July 1981,26787,speech,,
1981,9th June 1981 - 30th July 1981,26788,speech,,
1981,9th June 1981 - 30th July 1981,26789,speech,,
1981,9th June 1981 - 30th July 1981,26790,speech,,
1981,9th June 1981 - 30th July 1981,26791,speech,,
1981,9th June 1981 - 30th July 1981,35222,speech,,
1981,9th June 1981 - 30th July 1981,35223,speech,,
1981,9th June 1981 - 30th July 1981,35224,speech,,
1981,9th June 1981 - 30th July 1981,35225,speech,,
1981,9th June 1981 - 30th July 1981,35226,speech,,
1981,9th June 1981 - 30th July 1981,35227,speech,,
1981,9th June 1981 - 30th July 1981,35228,speech,,
1981,9th June 1981 - 30th July 1981,35229,speech,,
1981,9th June 1981 - 30th July 1981,35230,speech,,
1981,9th June 1981 - 30th July 1981,35231,speech,,
1981,9th June 1981 - 30th July 1981,35232,speech,,
1981,9th June 1981 - 30th July 1981,35233,speech,,
1981,9th June 1981 - 30th July 1981,35234,speech,,
1981,9th June 1981 - 30th July 1981,35235,speech,,
1981,9th June 1981 - 30th July 1981,35236,speech,,
1981,9th June 1981 - 30th July 1981,35237,speech,,
1981,9th June 1981 - 30th July 1981,35238,speech,,
1981,9th June 1981 - 30th July 1981,35239,speech,,
1981,9th June 1981 - 30th July 1981,35240,speech,,
1981,9th June 1981 - 30th July 1981,35241,speech,,
1981,9th June 1981 - 30th July 1981,35242,speech,,
1981,9th June 1981 - 30th July 1981,35243,speech,,
1981,9th June 1981 - 30th July 1981,35244,speech,,
1981,9th June 1981 - 30th July 1981,35245,speech,,
1981,9th June 1981 - 30th July 1981,35246,speech,,
1981,10th Mar 1981 - 7th May 1981,13831,blank,,
1981,10th Mar 1981 - 7th May 1981,13832,speech,,
1981,10th Mar 1981 - 7th May 1981,13833,speech,,
1981,10th Mar 1981 - 7th May 1981,13834,scene,,
1981,10th Mar 1981 - 7th May 1981,13835,speech,,
1981,10th Mar 1981 - 7th May 1981,13836,speech,,
1981,10th Mar 1981 - 7th May 1981,13837,speech,,
1981,10th Mar 1981 - 7th May 1981,13838,blank,,
1981,10th Mar 1981 - 7th May 1981,13839,blank,,
1981,10th Mar 1981 - 7th May 1981,13840,blank,,
1981,10th Mar 1981 - 7th May 1981,13841,blank,,
1981,10th Mar 1981 - 7th May 1981,13842,blank,,
1981,10th Mar 1981 - 7th May 1981,13843,speech,,
1981,10th Mar 1981 - 7th May 1981,13844,speech,,
1981,10th Mar 1981 - 7th May 1981,13845,speech,,
1981,10th Mar 1981 - 7th May 1981,13846,speech,,
1981,10th Mar 1981 - 7th May 1981,13847,speech,,
1981,10th Mar 1981 - 7th May 1981,13848,speech,,
1981,10th Mar 1981 - 7th May 1981,13849,speech,,
1981,10th Mar 1981 - 7th May 1981,13850,speech,,
1981,10th Mar 1981 - 7th May 1981,13851,speech,,
1981,10th Mar 1981 - 7th May 1981,13852,speech,,
1981,10th Mar 1981 - 7th May 1981,13853,speech,,
1981,10th Mar 1981 - 7th May 1981,13854,speech,,
1981,10th Mar 1981 - 7th May 1981,13855,speech,,
1981,10th Mar 1981 - 7th May 1981,16594,speech,,
1981,10th Mar 1981 - 7th May 1981,16595,speech,,
1981,10th Mar 1981 - 7th May 1981,16596,speech,,
1981,10th Mar 1981 - 7th May 1981,16597,speech,,
1981,10th Mar 1981 - 7th May 1981,16598,speech,,
1981,10th Mar 1981 - 7th May 1981,16599,speech,,
1981,10th Mar 1981 - 7th May 1981,16600,speech,,
1981,10th Mar 1981 - 7th May 1981,16601,speech,,
1981,10th Mar 1981 - 7th May 1981,16602,speech,,
1981,10th Mar 1981 - 7th May 1981,16603,speech,,
1981,10th Mar 1981 - 7th May 1981,16604,speech,,
1981,10th Mar 1981 - 7th May 1981,16605,speech,,
1981,10th Mar 1981 - 7th May 1981,16606,speech,,
1981,10th Mar 1981 - 7th May 1981,16607,speech,,
1981,10th Mar 1981 - 7th May 1981,16608,speech,,
1981,10th Mar 1981 - 7th May 1981,16609,speech,,
1981,10th Mar 1981 - 7th May 1981,16610,speech,,
1981,10th Mar 1981 - 7th May 1981,16611,speech,,
1981,10th Mar 1981 - 7th May 1981,16612,speech,,
1981,10th Mar 1981 - 7th May 1981,16613,speech,,
1981,10th Mar 1981 - 7th May 1981,16614,speech,,
1981,10th Mar 1981 - 7th May 1981,16615,speech,,
1981,10th Mar 1981 - 7th May 1981,16616,speech,,
1981,10th Mar 1981 - 7th May 1981,16617,speech,,
1981,10th Mar 1981 - 7th May 1981,16618,speech,,
1981,10th Mar 1981 - 7th May 1981,31976,speech,,
1981,10th Mar 1981 - 7th May 1981,31977,speech,,
1981,10th Mar 1981 - 7th May 1981,31978,speech,,
1981,10th Mar 1981 - 7th May 1981,31979,speech,,
1981,10th Mar 1981 - 7th May 1981,31980,blank,,
1981,10th Mar 1981 - 7th May 1981,31981,blank,,
1981,10th Mar 1981 - 7th May 1981,31982,speech,,
1981,10th Mar 1981 - 7th May 1981,31983,speech,,
1981,10th Mar 1981 - 7th May 1981,31984,speech,,
1981,10th Mar 1981 - 7th May 1981,31985,speech,,
1981,10th Mar 1981 - 7th May 1981,31986,speech,,
1981,10th Mar 1981 - 7th May 1981,31987,speech,,
1981,10th Mar 1981 - 7th May 1981,31988,speech,,
1981,10th Mar 1981 - 7th May 1981,31989,speech,,
1981,10th Mar 1981 - 7th May 1981,31990,speech,,
1981,10th Mar 1981 - 7th May 1981,31991,speech,,
1981,10th Mar 1981 - 7th May 1981,31992,speech,,
1981,10th Mar 1981 - 7th May 1981,31993,speech,,
1981,10th Mar 1981 - 7th May 1981,31994,speech,,
1981,10th Mar 1981 - 7th May 1981,31995,speech,,
1981,10th Mar 1981 - 7th May 1981,31996,speech,,
1981,10th Mar 1981 - 7th May 1981,31997,speech,,
1981,10th Mar 1981 - 7th May 1981,31998,speech,,
1981,10th Mar 1981 - 7th May 1981,31999,speech,,
1981,10th Mar 1981 - 7th May 1981,32000,speech,,
1981,10th Mar 1981 - 7th May 1981,38521,speech,,
1981,10th Mar 1981 - 7th May 1981,38522,speech,,
1981,10th Mar 1981 - 7th May 1981,38523,speech,,
1981,10th Mar 1981 - 7th May 1981,38524,speech,,
1981,10th Mar 1981 - 7th May 1981,38525,speech,,
1981,10th Mar 1981 - 7th May 1981,38526,speech,,
1981,10th Mar 1981 - 7th May 1981,38527,speech,,
1981,10th Mar 1981 - 7th May 1981,38528,speech,,
1981,10th Mar 1981 - 7th May 1981,38529,speech,,
1981,10th Mar 1981 - 7th May 1981,38530,speech,,
1981,10th Mar 1981 - 7th May 1981,38531,speech,,
1981,10th Mar 1981 - 7th May 1981,38532,speech,,
1981,10th Mar 1981 - 7th May 1981,38533,speech,,
1981,10th Mar 1981 - 7th May 1981,38534,speech,,
1981,10th Mar 1981 - 7th May 1981,38535,speech,,
1981,10th Mar 1981 - 7th May 1981,38536,speech,,
1981,10th Mar 1981 - 7th May 1981,38537,speech,,
1981,10th Mar 1981 - 7th May 1981,38538,speech,,
1981,10th Mar 1981 - 7th May 1981,38539,speech,,
1981,10th Mar 1981 - 7th May 1981,38540,speech,,
1981,10th Mar 1981 - 7th May 1981,38541,speech,,
1981,10th Mar 1981 - 7th May 1981,38542,speech,,
1981,10th Mar 1981 - 7th May 1981,38543,blank,,
1981,10th Mar 1981 - 7th May 1981,38544,blank,,
1981,10th Mar 1981 - 7th May 1981,38545,blank,,
1981,29th sept 1981 - 3rd Dec 1981,15230,speech,,
1981,29th sept 1981 - 3rd Dec 1981,15231,speech,,
1981,29th sept 1981 - 3rd Dec 1981,15232,speech,,
1981,29th sept 1981 - 3rd Dec 1981,15233,speech,,
1981,29th sept 1981 - 3rd Dec 1981,15234,speech,,
1981,29th sept 1981 - 3rd Dec 1981,15235,speech,,
1981,29th sept 1981 - 3rd Dec 1981,15236,speech,,
1981,29th sept 1981 - 3rd Dec 1981,15237,speech,,
1981,29th sept 1981 - 3rd Dec 1981,15238,speech,,
1981,29th sept 1981 - 3rd Dec 1981,15239,speech,,
1981,29th sept 1981 - 3rd Dec 1981,15240,speech,,
1981,29th sept 1981 - 3rd Dec 1981,15241,speech,,
1981,29th sept 1981 - 3rd Dec 1981,15242,speech,,
1981,29th sept 1981 - 3rd Dec 1981,15243,speech,,
1981,29th sept 1981 - 3rd Dec 1981,15244,speech,,
1981,29th sept 1981 - 3rd Dec 1981,15245,speech,,
1981,29th sept 1981 - 3rd Dec 1981,15246,speech,,
1981,29th sept 1981 - 3rd Dec 1981,15247,speech,,
1981,29th sept 1981 - 3rd Dec 1981,15248,speech,,
1981,29th sept 1981 - 3rd Dec 1981,15249,speech,,
1981,29th sept 1981 - 3rd Dec 1981,15250,speech,,
1981,29th sept 1981 - 3rd Dec 1981,15251,speech,,
1981,29th sept 1981 - 3rd Dec 1981,15252,speech,,
1981,29th sept 1981 - 3rd Dec 1981,15253,speech,,
1981,29th sept 1981 - 3rd Dec 1981,15254,speech,,
1981,29th sept 1981 - 3rd Dec 1981,15672,speech,,
1981,29th sept 1981 - 3rd Dec 1981,15673,speech,,
1981,29th sept 1981 - 3rd Dec 1981,15674,speech,,
1981,29th sept 1981 - 3rd Dec 1981,15675,speech,,
1981,29th sept 1981 - 3rd Dec 1981,15676,speech,,
1981,29th sept 1981 - 3rd Dec 1981,15677,speech,,
1981,29th sept 1981 - 3rd Dec 1981,15678,speech,,
1981,29th sept 1981 - 3rd Dec 1981,15679,speech,,
1981,29th sept 1981 - 3rd Dec 1981,15680,speech,,
1981,29th sept 1981 - 3rd Dec 1981,15681,speech,,
1981,29th sept 1981 - 3rd Dec 1981,15682,speech,,
1981,29th sept 1981 - 3rd Dec 1981,15683,speech,,
1981,29th sept 1981 - 3rd Dec 1981,15684,speech,,
1981,29th sept 1981 - 3rd Dec 1981,15685,speech,,
1981,29th sept 1981 - 3rd Dec 1981,15686,speech,,
1981,29th sept 1981 - 3rd Dec 1981,15687,speech,,
1981,29th sept 1981 - 3rd Dec 1981,15688,speech,,
1981,29th sept 1981 - 3rd Dec 1981,15689,speech,,
1981,29th sept 1981 - 3rd Dec 1981,15690,speech,,
1981,29th sept 1981 - 3rd Dec 1981,15691,speech,,
1981,29th sept 1981 - 3rd Dec 1981,15692,speech,,
1981,29th sept 1981 - 3rd Dec 1981,15693,speech,,
1981,29th sept 1981 - 3rd Dec 1981,15694,speech,,
1981,29th sept 1981 - 3rd Dec 1981,15695,speech,,
1981,29th sept 1981 - 3rd Dec 1981,15696,speech,,
1981,29th sept 1981 - 3rd Dec 1981,17631,speech,,
1981,29th sept 1981 - 3rd Dec 1981,17632,speech,,
1981,29th sept 1981 - 3rd Dec 1981,17633,speech,,
1981,29th sept 1981 - 3rd Dec 1981,17634,speech,,
1981,29th sept 1981 - 3rd Dec 1981,17635,speech,,
1981,29th sept 1981 - 3rd Dec 1981,17636,speech,,
1981,29th sept 1981 - 3rd Dec 1981,17637,scene,,
1981,29th sept 1981 - 3rd Dec 1981,17638,speech,,
1981,29th sept 1981 - 3rd Dec 1981,17639,speech,,
1981,29th sept 1981 - 3rd Dec 1981,17640,speech,,
1981,29th sept 1981 - 3rd Dec 1981,17641,speech,,
1981,29th sept 1981 - 3rd Dec 1981,17642,speech,,
1981,29th sept 1981 - 3rd Dec 1981,17643,speech,,
1981,29th sept 1981 - 3rd Dec 1981,17644,speech,,
1981,29th sept 1981 - 3rd Dec 1981,17645,speech,,
1981,29th sept 1981 - 3rd Dec 1981,17646,speech,,
1981,29th sept 1981 - 3rd Dec 1981,17647,speech,,
1981,29th sept 1981 - 3rd Dec 1981,17648,blank,,
1981,29th sept 1981 - 3rd Dec 1981,17649,blank,,
1981,29th sept 1981 - 3rd Dec 1981,17650,blank,,
1981,29th sept 1981 - 3rd Dec 1981,17651,speech,,
1981,29th sept 1981 - 3rd Dec 1981,17652,speech,,
1981,29th sept 1981 - 3rd Dec 1981,17653,speech,,
1981,29th sept 1981 - 3rd Dec 1981,17654,speech,,
1981,29th sept 1981 - 3rd Dec 1981,17655,speech,,
1981,29th sept 1981 - 3rd Dec 1981,42713,blank,,
1981,29th sept 1981 - 3rd Dec 1981,42714,speech,,
1981,29th sept 1981 - 3rd Dec 1981,42715,speech,,
1981,29th sept 1981 - 3rd Dec 1981,42716,speech,,
1981,29th sept 1981 - 3rd Dec 1981,42717,speech,,
1981,29th sept 1981 - 3rd Dec 1981,42718,speech,,
1981,29th sept 1981 - 3rd Dec 1981,42719,speech,,
1981,29th sept 1981 - 3rd Dec 1981,42720,speech,,
1981,29th sept 1981 - 3rd Dec 1981,42721,speech,,
1981,29th sept 1981 - 3rd Dec 1981,42722,speech,,
1981,29th sept 1981 - 3rd Dec 1981,42723,speech,,
1981,29th sept 1981 - 3rd Dec 1981,42724,speech,,
1981,29th sept 1981 - 3rd Dec 1981,42725,speech,,
1981,29th sept 1981 - 3rd Dec 1981,42726,speech,,
1981,29th sept 1981 - 3rd Dec 1981,42727,speech,,
1981,29th sept 1981 - 3rd Dec 1981,42728,speech,,
1981,29th sept 1981 - 3rd Dec 1981,42729,speech,,
1981,29th sept 1981 - 3rd Dec 1981,42730,speech,,
1981,29th sept 1981 - 3rd Dec 1981,42731,speech,,
1981,29th sept 1981 - 3rd Dec 1981,42732,speech,,
1981,29th sept 1981 - 3rd Dec 1981,42733,speech,,
1981,29th sept 1981 - 3rd Dec 1981,42734,speech,,
1981,29th sept 1981 - 3rd Dec 1981,42735,speech,,
1981,29th sept 1981 - 3rd Dec 1981,42736,speech,,
1981,29th sept 1981 - 3rd Dec 1981,42737,speech,,
1973,398_760,2071,speech,,
1973,398_760,2072,blank,,
1973,398_760,2073,speech,,
1973,398_760,2074,speech,,
1973,398_760,2075,speech,,
1973,398_760,2076,speech,,
1973,398_760,2077,speech,,
1973,398_760,2078,speech,,
1973,398_760,2079,speech,,
1973,398_760,2080,speech,,
1973,398_760,2081,speech,,
1973,398_760,2082,speech,,
1973,398_760,2083,speech,,
1973,398_760,2084,speech,,
1973,398_760,2085,speech,,
1973,398_760,2086,speech,,
1973,398_760,2087,speech,,
1973,398_760,2088,blank,,
1973,398_760,2089,blank,,
1973,398_760,2090,speech,,
1973,398_760,2091,speech,,
1973,398_760,2092,speech,,
1973,398_760,2093,speech,,
1973,398_760,2094,speech,,
1973,398_760,2095,speech,,
1973,398_760,5633,speech,,
1973,398_760,5634,speech,,
1973,398_760,5635,speech,,
1973,398_760,5636,speech,,
1973,398_760,5637,speech,,
1973,398_760,5638,speech,,
1973,398_760,5639,speech,,
1973,398_760,5640,speech,,
1973,398_760,5641,speech,,
1973,398_760,5642,speech,,
1973,398_760,5643,speech,,
1973,398_760,5644,speech,,
1973,398_760,5645,speech,,
1973,398_760,5646,header,,
1973,398_760,5647,header,,
1973,398_760,5648,header,,
1973,398_760,5649,speech,,
1973,398_760,5650,speech,,
1973,398_760,5651,speech,,
1973,398_760,5652,speech,,
1973,398_760,5653,speech,,
1973,398_760,5654,speech,,
1973,398_760,5655,speech,,
1973,398_760,5656,speech,,
1973,398_760,5657,speech,,
1973,398_760,15843,blank,,
1973,398_760,15844,speech,,
1973,398_760,15845,speech,,
1973,398_760,15846,speech,,
1973,398_760,15847,speech,,
1973,398_760,15848,speech,,
1973,398_760,15849,speech,,
1973,398_760,15850,speech,,
1973,398_760,15851,speech,,
1973,398_760,15852,speech,,
1973,398_760,15853,speech,,
1973,398_760,15854,speech,,
1973,398_760,15855,speech,,
1973,398_760,15856,speech,,
1973,398_760,15857,speech,,
1973,398_760,15858,speech,,
1973,398_760,15859,speech,,
1973,398_760,15860,speech,,
1973,398_760,15861,speech,,
1973,398_760,15862,speech,,
1973,398_760,15863,speech,,
1973,398_760,15864,speech,,
1973,398_760,15865,speech,,
1973,398_760,15866,speech,,
1973,398_760,15867,speech,,
1973,398_760,17937,speech,,
1973,398_760,17938,speech,,
1973,398_760,17939,speech,,
1973,398_760,17940,speech,,
1973,398_760,17941,speech,,
1973,398_760,17942,speech,,
1973,398_760,17943,speech,,
1973,398_760,17944,speech,,
1973,398_760,17945,speech,,
1973,398_760,17946,speech,,
1973,398_760,17947,speech,,
1973,398_760,17948,speech,,
1973,398_760,17949,speech,,
1973,398_760,17950,speech,,
1973,398_760,17951,speech,,
1973,398_760,17952,speech,,
1973,398_760,17953,speech,,
1973,398_760,17954,speech,,
1973,398_760,17955,speech,,
1973,398_760,17956,speech,,
1973,398_760,17957,speech,,
1973,398_760,17958,speech,,
1973,398_760,17959,speech,,
1973,398_760,17960,speech,,
1973,398_760,17961,speech,,
1973,402_564,1316,speech,,
1973,402_564,1317,speech,,
1973,402_564,1318,speech,,
1973,402_564,1319,speech,,
1973,402_564,1320,speech,,
1973,402_564,1321,speech,,
1973,402_564,1322,blank,,
1973,402_564,1323,blank,,
1973,402_564,1324,speech,,
1973,402_564,1325,speech,,
1973,402_564,1326,speech,,
1973,402_564,1327,speech,,
1973,402_564,1328,speech,,
1973,402_564,1329,speech,,
1973,402_564,1330,speech,,
1973,402_564,1331,speech,,
1973,402_564,1332,speech,,
1973,402_564,1333,speech,,
1973,402_564,1334,speech,,
1973,402_564,1335,speech,,
1973,402_564,1336,speech,,
1973,402_564,1337,speech,,
1973,402_564,1338,speech,,
1973,402_564,1339,speech,,
1973,402_564,1340,speech,,
1973,402_564,1822,speech,,
1973,402_564,1823,speech,,
1973,402_564,1824,speech,,
1973,402_564,1825,speech,,
1973,402_564,1826,speech,,
1973,402_564,1827,speech,,
1973,402_564,1828,speech,,
1973,402_564,1829,speech,,
1973,402_564,1830,speech,,
1973,402_564,1831,speech,,
1973,402_564,1832,speech,,
1973,402_564,1833,speech,,
1973,402_564,1834,speech,,
1973,402_564,1835,speech,,
1973,402_564,1836,speech,,
1973,402_564,1837,speech,,
1973,402_564,1838,speech,,
1973,402_564,1839,speech,,
1973,402_564,1840,speech,,
1973,402_564,1841,speech,,
1973,402_564,1842,speech,,
1973,402_564,1843,speech,,
1973,402_564,1844,speech,,
1973,402_564,1845,speech,,
1973,402_564,1846,speech,,
1973,402_564,8879,speech,,
1973,402_564,8880,speech,,
1973,402_564,8881,speech,,
1973,402_564,8882,speech,,
1973,402_564,8883,speech,,
1973,402_564,8884,speech,,
1973,402_564,8885,speech,,
1973,402_564,8886,speech,,
1973,402_564,8887,speech,,
1973,402_564,8888,speech,,
1973,402_564,8889,speech,,
1973,402_564,8890,speech,,
1973,402_564,8891,speech,,
1973,402_564,8892,speech,,
1973,402_564,8893,speech,,
1973,402_564,8894,speech,,
1973,402_564,8895,speech,,
1973,402_564,8896,speech,,
1973,402_564,8897,speech,,
1973,402_564,8898,speech,,
1973,402_564,8899,speech,,
1973,402_564,8900,speech,,
1973,402_564,8901,speech,,
1973,402_564,8902,speech,,
1973,402_564,8903,speech,,
1973,402_564,16436,speech,,
1973,402_564,16437,speech,,
1973,402_564,16438,speech,,
1973,402_564,16439,speech,,
1973,402_564,16440,speech,,
1973,402_564,16441,speech,,
1973,402_564,16442,speech,,
1973,402_564,16443,speech,,
1973,402_564,16444,speech,,
1973,402_564,16445,speech,,
1973,402_564,16446,speech,,
1973,402_564,16447,speech,,
1973,402_564,16448,speech,,
1973,402_564,16449,speech,,
1973,402_564,16450,speech,,
1973,402_564,16451,speech,,
1973,402_564,16452,speech,,
1973,402_564,16453,speech,,
1973,402_564,16454,speech,,
1973,402_564,16455,speech,,
1973,402_564,16456,speech,,
1973,402_564,16457,speech,,
1973,402_564,16458,speech,,
1973,402_564,16459,speech,,
1973,402_564,16460,speech,,
1950,"9TH TO MAY, 1950 - VOL. XXXVII",773,blank,,
1950,"9TH TO MAY, 1950 - VOL. XXXVII",774,speech,,
1950,"9TH TO MAY, 1950 - VOL. XXXVII",775,blank,,
1950,"9TH TO MAY, 1950 - VOL. XXXVII",776,speech,,
1950,"9TH TO MAY, 1950 - VOL. XXXVII",777,blank,,
1950,"9TH TO MAY, 1950 - VOL. XXXVII",778,speech,,
1950,"9TH TO MAY, 1950 - VOL. XXXVII",779,speech,,
1950,"9TH TO MAY, 1950 - VOL. XXXVII",780,blank,,
1950,"9TH TO MAY, 1950 - VOL. XXXVII",781,speech,,
1950,"9TH TO MAY, 1950 - VOL. XXXVII",782,speech,,
1950,"9TH TO MAY, 1950 - VOL. XXXVII",783,blank,,
1950,"9TH TO MAY, 1950 - VOL. XXXVII",784,speech,,
1950,"9TH TO MAY, 1950 - VOL. XXXVII",785,blank,,
1950,"9TH TO MAY, 1950 - VOL. XXXVII",786,speech,,
1950,"9TH TO MAY, 1950 - VOL. XXXVII",787,blank,,
1950,"9TH TO MAY, 1950 - VOL. XXXVII",788,speech,,
1950,"9TH TO MAY, 1950 - VOL. XXXVII",789,blank,,
1950,"9TH TO MAY, 1950 - VOL. XXXVII",790,speech,,
1950,"9TH TO MAY, 1950 - VOL. XXXVII",791,blank,,
1950,"9TH TO MAY, 1950 - VOL. XXXVII",792,blank,,
1950,"9TH TO MAY, 1950 - VOL. XXXVII",793,blank,,
1950,"9TH TO MAY, 1950 - VOL. XXXVII",794,blank,,
1950,"9TH TO MAY, 1950 - VOL. XXXVII",795,blank,,
1950,"9TH TO MAY, 1950 - VOL. XXXVII",796,blank,,
1950,"9TH TO MAY, 1950 - VOL. XXXVII",797,blank,,
1950,"9TH TO MAY, 1950 - VOL. XXXVII",2426,speech,,
1950,"9TH TO MAY, 1950 - VOL. XXXVII",2427,speech,,
1950,"9TH TO MAY, 1950 - VOL. XXXVII",2428,speech,,
1950,"9TH TO MAY, 1950 - VOL. XXXVII",2429,speech,,
1950,"9TH TO MAY, 1950 - VOL. XXXVII",2430,speech,,
1950,"9TH TO MAY, 1950 - VOL. XXXVII",2431,blank,,
1950,"9TH TO MAY, 1950 - VOL. XXXVII",2432,blank,,
1950,"9TH TO MAY, 1950 - VOL. XXXVII",2433,blank,,
1950,"9TH TO MAY, 1950 - VOL. XXXVII",2434,speech,,
1950,"9TH TO MAY, 1950 - VOL. XXXVII",2435,speech,,
1950,"9TH TO MAY, 1950 - VOL. XXXVII",2436,blank,,
1950,"9TH TO MAY, 1950 - VOL. XXXVII",2437,speech,,
1950,"9TH TO MAY, 1950 - VOL. XXXVII",2438,speech,,
1950,"9TH TO MAY, 1950 - VOL. XXXVII",2439,speech,,
1950,"9TH TO MAY, 1950 - VOL. XXXVII",2440,speech,,
1950,"9TH TO MAY, 1950 - VOL. XXXVII",2441,speech,,
1950,"9TH TO MAY, 1950 - VOL. XXXVII",2442,speech,,
1950,"9TH TO MAY, 1950 - VOL. XXXVII",2443,speech,,
1950,"9TH TO MAY, 1950 - VOL. XXXVII",2444,blank,,
1950,"9TH TO MAY, 1950 - VOL. XXXVII",2445,speech,,
1950,"9TH TO MAY, 1950 - VOL. XXXVII",2446,blank,,
1950,"9TH TO MAY, 1950 - VOL. XXXVII",2447,speech,,
1950,"9TH TO MAY, 1950 - VOL. XXXVII",2448,speech,,
1950,"9TH TO MAY, 1950 - VOL. XXXVII",2449,blank,,
1950,"9TH TO MAY, 1950 - VOL. XXXVII",2450,speech,,
1950,"9TH TO MAY, 1950 - VOL. XXXVII",3394,speech,,
1950,"9TH TO MAY, 1950 - VOL. XXXVII",3395,speech,,
1950,"9TH TO MAY, 1950 - VOL. XXXVII",3396,blank,,
1950,"9TH TO MAY, 1950 - VOL. XXXVII",3397,speech,,
1950,"9TH TO MAY, 1950 - VOL. XXXVII",3398,blank,,
1950,"9TH TO MAY, 1950 - VOL. XXXVII",3399,speech,,
1950,"9TH TO MAY, 1950 - VOL. XXXVII",3400,blank,,
1950,"9TH TO MAY, 1950 - VOL. XXXVII",3401,speech,,
1950,"9TH TO MAY, 1950 - VOL. XXXVII",3402,blank,,
1950,"9TH TO MAY, 1950 - VOL. XXXVII",3403,speech,,
1950,"9TH TO MAY, 1950 - VOL. XXXVII",3404,blank,,
1950,"9TH TO MAY, 1950 - VOL. XXXVII",3405,speech,,
1950,"9TH TO MAY, 1950 - VOL. XXXVII",3406,speech,,
1950,"9TH TO MAY, 1950 - VOL. XXXVII",3407,speech,,
1950,"9TH TO MAY, 1950 - VOL. XXXVII",3408,speech,,
1950,"9TH TO MAY, 1950 - VOL. XXXVII",3409,blank,,
1950,"9TH TO MAY, 1950 - VOL. XXXVII",3410,speech,,
1950,"9TH TO MAY, 1950 - VOL. XXXVII",3411,speech,,
1950,"9TH TO MAY, 1950 - VOL. XXXVII",3412,blank,,
1950,"9TH TO MAY, 1950 - VOL. XXXVII",3413,speech,,
1950,"9TH TO MAY, 1950 - VOL. XXXVII",3414,speech,,
1950,"9TH TO MAY, 1950 - VOL. XXXVII",3415,speech,,
1950,"9TH TO MAY, 1950 - VOL. XXXVII",3416,blank,,
1950,"9TH TO MAY, 1950 - VOL. XXXVII",3417,speech,,
1950,"9TH TO MAY, 1950 - VOL. XXXVII",3418,speech,,
1950,"9TH TO MAY, 1950 - VOL. XXXVII",3555,blank,,
1950,"9TH TO MAY, 1950 - VOL. XXXVII",3556,blank,,
1950,"9TH TO MAY, 1950 - VOL. XXXVII",3557,speech,,
1950,"9TH TO MAY, 1950 - VOL. XXXVII",3558,speech,,
1950,"9TH TO MAY, 1950 - VOL. XXXVII",3559,blank,,
1950,"9TH TO MAY, 1950 - VOL. XXXVII",3560,speech,,
1950,"9TH TO MAY, 1950 - VOL. XXXVII",3561,blank,,
1950,"9TH TO MAY, 1950 - VOL. XXXVII",3562,speech,,
1950,"9TH TO MAY, 1950 - VOL. XXXVII",3563,blank,,
1950,"9TH TO MAY, 1950 - VOL. XXXVII",3564,speech,,
1950,"9TH TO MAY, 1950 - VOL. XXXVII",3565,blank,,
1950,"9TH TO MAY, 1950 - VOL. XXXVII",3566,speech,,
1950,"9TH TO MAY, 1950 - VOL. XXXVII",3567,blank,,
1950,"9TH TO MAY, 1950 - VOL. XXXVII",3568,speech,,
1950,"9TH TO MAY, 1950 - VOL. XXXVII",3569,blank,,
1950,"9TH TO MAY, 1950 - VOL. XXXVII",3570,blank,,
1950,"9TH TO MAY, 1950 - VOL. XXXVII",3571,speech,,
1950,"9TH TO MAY, 1950 - VOL. XXXVII",3572,speech,,
1950,"9TH TO MAY, 1950 - VOL. XXXVII",3573,blank,,
1950,"9TH TO MAY, 1950 - VOL. XXXVII",3574,speech,,
1950,"9TH TO MAY, 1950 - VOL. XXXVII",3575,blank,,
1950,"9TH TO MAY, 1950 - VOL. XXXVII",3576,speech,,
1950,"9TH TO MAY, 1950 - VOL. XXXVII",3577,blank,,
1950,"9TH TO MAY, 1950 - VOL. XXXVII",3578,speech,,
1950,"9TH TO MAY, 1950 - VOL. XXXVII",3579,blank,,
1950,XXXVI 21ST OCTOBER TO 24TH FEBRUARY 1950,545,speech,,
1950,XXXVI 21ST OCTOBER TO 24TH FEBRUARY 1950,546,blank,,
1950,XXXVI 21ST OCTOBER TO 24TH FEBRUARY 1950,547,speech,,
1950,XXXVI 21ST OCTOBER TO 24TH FEBRUARY 1950,548,blank,,
1950,XXXVI 21ST OCTOBER TO 24TH FEBRUARY 1950,549,blank,,
1950,XXXVI 21ST OCTOBER TO 24TH FEBRUARY 1950,550,speech,,
1950,XXXVI 21ST OCTOBER TO 24TH FEBRUARY 1950,551,speech,,
1950,XXXVI 21ST OCTOBER TO 24TH FEBRUARY 1950,552,blank,,
1950,XXXVI 21ST OCTOBER TO 24TH FEBRUARY 1950,553,speech,,
1950,XXXVI 21ST OCTOBER TO 24TH FEBRUARY 1950,554,blank,,
1950,XXXVI 21ST OCTOBER TO 24TH FEBRUARY 1950,555,speech,,
1950,XXXVI 21ST OCTOBER TO 24TH FEBRUARY 1950,556,blank,,
1950,XXXVI 21ST OCTOBER TO 24TH FEBRUARY 1950,557,speech,,
1950,XXXVI 21ST OCTOBER TO 24TH FEBRUARY 1950,558,blank,,
1950,XXXVI 21ST OCTOBER TO 24TH FEBRUARY 1950,559,speech,,
1950,XXXVI 21ST OCTOBER TO 24TH FEBRUARY 1950,560,blank,,
1950,XXXVI 21ST OCTOBER TO 24TH FEBRUARY 1950,561,speech,,
1950,XXXVI 21ST OCTOBER TO 24TH FEBRUARY 1950,562,speech,,
1950,XXXVI 21ST OCTOBER TO 24TH FEBRUARY 1950,563,blank,,
1950,XXXVI 21ST OCTOBER TO 24TH FEBRUARY 1950,564,speech,,
1950,XXXVI 21ST OCTOBER TO 24TH FEBRUARY 1950,565,speech,,
1950,XXXVI 21ST OCTOBER TO 24TH FEBRUARY 1950,566,blank,,
1950,XXXVI 21ST OCTOBER TO 24TH FEBRUARY 1950,567,speech,,
1950,XXXVI 21ST OCTOBER TO 24TH FEBRUARY 1950,568,blank,,
1950,XXXVI 21ST OCTOBER TO 24TH FEBRUARY 1950,569,speech,,
1950,XXXVI 21ST OCTOBER TO 24TH FEBRUARY 1950,1199,blank,,
1950,XXXVI 21ST OCTOBER TO 24TH FEBRUARY 1950,1200,speech,,
1950,XXXVI 21ST OCTOBER TO 24TH FEBRUARY 1950,1201,blank,,
1950,XXXVI 21ST OCTOBER TO 24TH FEBRUARY 1950,1202,speech,,
1950,XXXVI 21ST OCTOBER TO 24TH FEBRUARY 1950,1203,blank,,
1950,XXXVI 21ST OCTOBER TO 24TH FEBRUARY 1950,1204,speech,,
1950,XXXVI 21ST OCTOBER TO 24TH FEBRUARY 1950,1205,blank,,
1950,XXXVI 21ST OCTOBER TO 24TH FEBRUARY 1950,1206,speech,,
1950,XXXVI 21ST OCTOBER TO 24TH FEBRUARY 1950,1207,blank,,
1950,XXXVI 21ST OCTOBER TO 24TH FEBRUARY 1950,1208,blank,,
1950,XXXVI 21ST OCTOBER TO 24TH FEBRUARY 1950,1209,speech,,
1950,XXXVI 21ST OCTOBER TO 24TH FEBRUARY 1950,1210,speech,,
1950,XXXVI 21ST OCTOBER TO 24TH FEBRUARY 1950,1211,blank,,
1950,XXXVI 21ST OCTOBER TO 24TH FEBRUARY 1950,1212,speech,,
1950,XXXVI 21ST OCTOBER TO 24TH FEBRUARY 1950,1213,blank,,
1950,XXXVI 21ST OCTOBER TO 24TH FEBRUARY 1950,1214,speech,,
1950,XXXVI 21ST OCTOBER TO 24TH FEBRUARY 1950,1215,blank,,
1950,XXXVI 21ST OCTOBER TO 24TH FEBRUARY 1950,1216,blank,,
1950,XXXVI 21ST OCTOBER TO 24TH FEBRUARY 1950,1217,speech,,
1950,XXXVI 21ST OCTOBER TO 24TH FEBRUARY 1950,1218,blank,,
1950,XXXVI 21ST OCTOBER TO 24TH FEBRUARY 1950,1219,speech,,
1950,XXXVI 21ST OCTOBER TO 24TH FEBRUARY 1950,1220,blank,,
1950,XXXVI 21ST OCTOBER TO 24TH FEBRUARY 1950,1221,speech,,
1950,XXXVI 21ST OCTOBER TO 24TH FEBRUARY 1950,1222,blank,,
1950,XXXVI 21ST OCTOBER TO 24TH FEBRUARY 1950,1223,speech,,
1950,XXXVI 21ST OCTOBER TO 24TH FEBRUARY 1950,1341,speech,,
1950,XXXVI 21ST OCTOBER TO 24TH FEBRUARY 1950,1342,speech,,
1950,XXXVI 21ST OCTOBER TO 24TH FEBRUARY 1950,1343,blank,,
1950,XXXVI 21ST OCTOBER TO 24TH FEBRUARY 1950,1344,speech,,
1950,XXXVI 21ST OCTOBER TO 24TH FEBRUARY 1950,1345,blank,,
1950,XXXVI 21ST OCTOBER TO 24TH FEBRUARY 1950,1346,speech,,
1950,XXXVI 21ST OCTOBER TO 24TH FEBRUARY 1950,1347,blank,,
1950,XXXVI 21ST OCTOBER TO 24TH FEBRUARY 1950,1348,speech,,
1950,XXXVI 21ST OCTOBER TO 24TH FEBRUARY 1950,1349,blank,,
1950,XXXVI 21ST OCTOBER TO 24TH FEBRUARY 1950,1350,speech,,
1950,XXXVI 21ST OCTOBER TO 24TH FEBRUARY 1950,1351,blank,,
1950,XXXVI 21ST OCTOBER TO 24TH FEBRUARY 1950,1352,speech,,
1950,XXXVI 21ST OCTOBER TO 24TH FEBRUARY 1950,1353,blank,,
1950,XXXVI 21ST OCTOBER TO 24TH FEBRUARY 1950,1354,speech,,
1950,XXXVI 21ST OCTOBER TO 24TH FEBRUARY 1950,1355,speech,,
1950,XXXVI 21ST OCTOBER TO 24TH FEBRUARY 1950,1356,speech,,
1950,XXXVI 21ST OCTOBER TO 24TH FEBRUARY 1950,1357,blank,,
1950,XXXVI 21ST OCTOBER TO 24TH FEBRUARY 1950,1358,speech,,
1950,XXXVI 21ST OCTOBER TO 24TH FEBRUARY 1950,1359,blank,,
1950,XXXVI 21ST OCTOBER TO 24TH FEBRUARY 1950,1360,speech,,
1950,XXXVI 21ST OCTOBER TO 24TH FEBRUARY 1950,1361,blank,,
1950,XXXVI 21ST OCTOBER TO 24TH FEBRUARY 1950,1362,speech,,
1950,XXXVI 21ST OCTOBER TO 24TH FEBRUARY 1950,1363,blank,,
1950,XXXVI 21ST OCTOBER TO 24TH FEBRUARY 1950,1364,speech,,
1950,XXXVI 21ST OCTOBER TO 24TH FEBRUARY 1950,1365,blank,,
1950,XXXVI 21ST OCTOBER TO 24TH FEBRUARY 1950,1454,speech,,
1950,XXXVI 21ST OCTOBER TO 24TH FEBRUARY 1950,1455,blank,,
1950,XXXVI 21ST OCTOBER TO 24TH FEBRUARY 1950,1456,speech,,
1950,XXXVI 21ST OCTOBER TO 24TH FEBRUARY 1950,1457,speech,,
1950,XXXVI 21ST OCTOBER TO 24TH FEBRUARY 1950,1458,blank,,
1950,XXXVI 21ST OCTOBER TO 24TH FEBRUARY 1950,1459,speech,?,The debate on the motion as amended was resumed. </NEWSPEECH >  
1950,XXXVI 21ST OCTOBER TO 24TH FEBRUARY 1950,1460,blank,,
1950,XXXVI 21ST OCTOBER TO 24TH FEBRUARY 1950,1461,speech,,
1950,XXXVI 21ST OCTOBER TO 24TH FEBRUARY 1950,1462,blank,,
1950,XXXVI 21ST OCTOBER TO 24TH FEBRUARY 1950,1463,speech,,
1950,XXXVI 21ST OCTOBER TO 24TH FEBRUARY 1950,1464,blank,,
1950,XXXVI 21ST OCTOBER TO 24TH FEBRUARY 1950,1465,speech,,
1950,XXXVI 21ST OCTOBER TO 24TH FEBRUARY 1950,1466,blank,,
1950,XXXVI 21ST OCTOBER TO 24TH FEBRUARY 1950,1467,speech,,
1950,XXXVI 21ST OCTOBER TO 24TH FEBRUARY 1950,1468,blank,,
1950,XXXVI 21ST OCTOBER TO 24TH FEBRUARY 1950,1469,speech,?,"The question of the motion, as amended, was put and carried. </NEWSPEECH >  "
1950,XXXVI 21ST OCTOBER TO 24TH FEBRUARY 1950,1470,header,,
1950,XXXVI 21ST OCTOBER TO 24TH FEBRUARY 1950,1471,header,?,On the next order being called. 
1950,XXXVI 21ST OCTOBER TO 24TH FEBRUARY 1950,1472,blank,,
1950,XXXVI 21ST OCTOBER TO 24TH FEBRUARY 1950,1473,speech,,
1950,XXXVI 21ST OCTOBER TO 24TH FEBRUARY 1950,1474,blank,,
1950,XXXVI 21ST OCTOBER TO 24TH FEBRUARY 1950,1475,speech,,
1950,XXXVI 21ST OCTOBER TO 24TH FEBRUARY 1950,1476,header,,
1950,XXXVI 21ST OCTOBER TO 24TH FEBRUARY 1950,1477,header,?,APPOINTMENT OF MEMBER
1950,XXXVI 21ST OCTOBER TO 24TH FEBRUARY 1950,1478,blank,,